Wvlgth,Direct_normal_irradiance,Global_horizn_irradiance,Global_tilted_irradiance,Beam_normal_+circumsolar
.3000E+03,.4038E-03,.8723E-03,.8723E-03,.4038E-03
.3005E+03,.5622E-03,.1239E-02,.1239E-02,.5622E-03
.3010E+03,.9467E-03,.2171E-02,.2171E-02,.9467E-03
.3015E+03,.1416E-02,.3384E-02,.3384E-02,.1416E-02
.3020E+03,.1183E-02,.2885E-02,.2885E-02,.1183E-02
.3025E+03,.2281E-02,.5484E-02,.5484E-02,.2281E-02
.3030E+03,.4004E-02,.9362E-02,.9362E-02,.4004E-02
.3035E+03,.4988E-02,.1145E-01,.1145E-01,.4988E-02
.3040E+03,.4638E-02,.1060E-01,.1060E-01,.4638E-02
.3045E+03,.6540E-02,.1493E-01,.1493E-01,.6540E-02
.3050E+03,.9110E-02,.2089E-01,.2089E-01,.9110E-02
.3055E+03,.9957E-02,.2288E-01,.2288E-01,.9957E-02
.3060E+03,.9545E-02,.2188E-01,.2188E-01,.9545E-02
.3065E+03,.1156E-01,.2649E-01,.2649E-01,.1156E-01
.3070E+03,.1586E-01,.3664E-01,.3664E-01,.1586E-01
.3075E+03,.1963E-01,.4574E-01,.4574E-01,.1963E-01
.3080E+03,.2077E-01,.4827E-01,.4827E-01,.2077E-01
.3085E+03,.2377E-01,.5533E-01,.5533E-01,.2377E-01
.3090E+03,.2127E-01,.5404E-01,.5404E-01,.2127E-01
.3095E+03,.2386E-01,.5895E-01,.5895E-01,.2386E-01
.3100E+03,.2384E-01,.5808E-01,.5808E-01,.2384E-01
.3105E+03,.3877E-01,.9352E-01,.9352E-01,.3877E-01
.3110E+03,.4835E-01,.1154E+00,.1154E+00,.4835E-01
.3115E+03,.4684E-01,.1109E+00,.1109E+00,.4684E-01
.3120E+03,.4558E-01,.1065E+00,.1065E+00,.4558E-01
.3125E+03,.5461E-01,.1265E+00,.1265E+00,.5461E-01
.3130E+03,.5906E-01,.1359E+00,.1359E+00,.5906E-01
.3135E+03,.5871E-01,.1344E+00,.1344E+00,.5871E-01
.3140E+03,.7145E-01,.1623E+00,.1623E+00,.7145E-01
.3145E+03,.6105E-01,.1380E+00,.1380E+00,.6105E-01
.3150E+03,.8045E-01,.1809E+00,.1809E+00,.8045E-01
.3155E+03,.6952E-01,.1552E+00,.1552E+00,.6952E-01
.3160E+03,.5879E-01,.1308E+00,.1308E+00,.5879E-01
.3165E+03,.8218E-01,.1824E+00,.1824E+00,.8218E-01
.3170E+03,.1030E+00,.2272E+00,.2272E+00,.1030E+00
.3175E+03,.1092E+00,.2392E+00,.2392E+00,.1092E+00
.3180E+03,.8366E-01,.1828E+00,.1828E+00,.8366E-01
.3185E+03,.9975E-01,.2182E+00,.2182E+00,.9975E-01
.3190E+03,.1164E+00,.2543E+00,.2543E+00,.1164E+00
.3195E+03,.9949E-01,.2147E+00,.2147E+00,.9949E-01
.3200E+03,.1217E+00,.2608E+00,.2608E+00,.1217E+00
.3205E+03,.1457E+00,.3130E+00,.3130E+00,.1457E+00
.3210E+03,.1247E+00,.2690E+00,.2690E+00,.1247E+00
.3215E+03,.1200E+00,.2576E+00,.2576E+00,.1200E+00
.3220E+03,.1354E+00,.2861E+00,.2861E+00,.1354E+00
.3225E+03,.1181E+00,.2481E+00,.2481E+00,.1181E+00
.3230E+03,.1144E+00,.2406E+00,.2406E+00,.1144E+00
.3235E+03,.1338E+00,.2891E+00,.2891E+00,.1338E+00
.3240E+03,.1565E+00,.3366E+00,.3366E+00,.1565E+00
.3245E+03,.1623E+00,.3457E+00,.3457E+00,.1623E+00
.3250E+03,.1470E+00,.3023E+00,.3023E+00,.1470E+00
.3255E+03,.1849E+00,.3804E+00,.3804E+00,.1849E+00
.3260E+03,.2198E+00,.4621E+00,.4621E+00,.2198E+00
.3265E+03,.2173E+00,.4568E+00,.4568E+00,.2173E+00
.3270E+03,.2197E+00,.4582E+00,.4582E+00,.2197E+00
.3275E+03,.2154E+00,.4454E+00,.4454E+00,.2154E+00
.3280E+03,.1978E+00,.4037E+00,.4037E+00,.1978E+00
.3285E+03,.2024E+00,.4141E+00,.4141E+00,.2024E+00
.3290E+03,.2377E+00,.4873E+00,.4873E+00,.2377E+00
.3295E+03,.2694E+00,.5505E+00,.5505E+00,.2694E+00
.3300E+03,.2751E+00,.5578E+00,.5578E+00,.2751E+00
.3305E+03,.2256E+00,.4520E+00,.4520E+00,.2256E+00
.3310E+03,.2325E+00,.4622E+00,.4622E+00,.2325E+00
.3315E+03,.2341E+00,.4645E+00,.4645E+00,.2341E+00
.3320E+03,.2490E+00,.4949E+00,.4949E+00,.2490E+00
.3325E+03,.2454E+00,.4866E+00,.4866E+00,.2454E+00
.3330E+03,.2474E+00,.4867E+00,.4867E+00,.2474E+00
.3335E+03,.2286E+00,.4447E+00,.4447E+00,.2286E+00
.3340E+03,.2357E+00,.4554E+00,.4554E+00,.2357E+00
.3345E+03,.2685E+00,.5191E+00,.5191E+00,.2685E+00
.3350E+03,.2511E+00,.4845E+00,.4845E+00,.2511E+00
.3355E+03,.2860E+00,.5713E+00,.5713E+00,.2860E+00
.3360E+03,.1988E+00,.3948E+00,.3948E+00,.1988E+00
.3365E+03,.2424E+00,.4591E+00,.4591E+00,.2424E+00
.3370E+03,.2013E+00,.3782E+00,.3782E+00,.2013E+00
.3375E+03,.2521E+00,.4706E+00,.4706E+00,.2521E+00
.3380E+03,.2437E+00,.4546E+00,.4546E+00,.2437E+00
.3385E+03,.2758E+00,.5275E+00,.5275E+00,.2758E+00
.3390E+03,.2756E+00,.5207E+00,.5207E+00,.2756E+00
.3395E+03,.2652E+00,.5011E+00,.5011E+00,.2652E+00
.3400E+03,.3202E+00,.5847E+00,.5847E+00,.3202E+00
.3405E+03,.2895E+00,.5260E+00,.5260E+00,.2895E+00
.3410E+03,.2786E+00,.5154E+00,.5154E+00,.2786E+00
.3415E+03,.2591E+00,.4716E+00,.4716E+00,.2591E+00
.3420E+03,.3115E+00,.5624E+00,.5624E+00,.3115E+00
.3425E+03,.2933E+00,.5257E+00,.5257E+00,.2933E+00
.3430E+03,.3225E+00,.5785E+00,.5785E+00,.3225E+00
.3435E+03,.3040E+00,.5443E+00,.5443E+00,.3040E+00
.3440E+03,.2286E+00,.4005E+00,.4005E+00,.2286E+00
.3445E+03,.2270E+00,.4060E+00,.4060E+00,.2270E+00
.3450E+03,.3050E+00,.5355E+00,.5355E+00,.3050E+00
.3455E+03,.3137E+00,.5459E+00,.5459E+00,.3137E+00
.3460E+03,.2682E+00,.4632E+00,.4632E+00,.2682E+00
.3465E+03,.3053E+00,.5237E+00,.5237E+00,.3053E+00
.3470E+03,.3280E+00,.5619E+00,.5619E+00,.3280E+00
.3475E+03,.2659E+00,.4539E+00,.4539E+00,.2659E+00
.3480E+03,.3056E+00,.5165E+00,.5165E+00,.3056E+00
.3485E+03,.3072E+00,.5154E+00,.5154E+00,.3072E+00
.3490E+03,.2863E+00,.4776E+00,.4776E+00,.2863E+00
.3495E+03,.2843E+00,.4725E+00,.4725E+00,.2843E+00
.3500E+03,.3530E+00,.5832E+00,.5832E+00,.3530E+00
.3505E+03,.3737E+00,.6144E+00,.6144E+00,.3737E+00
.3510E+03,.3345E+00,.5484E+00,.5484E+00,.3345E+00
.3515E+03,.3247E+00,.5331E+00,.5331E+00,.3247E+00
.3520E+03,.3512E+00,.5717E+00,.5717E+00,.3512E+00
.3525E+03,.2756E+00,.4454E+00,.4454E+00,.2756E+00
.3530E+03,.3487E+00,.5601E+00,.5601E+00,.3487E+00
.3535E+03,.3741E+00,.5976E+00,.5976E+00,.3741E+00
.3540E+03,.3897E+00,.6191E+00,.6191E+00,.3897E+00
.3545E+03,.3969E+00,.6276E+00,.6276E+00,.3969E+00
.3550E+03,.3970E+00,.6254E+00,.6254E+00,.3970E+00
.3555E+03,.3601E+00,.5647E+00,.5647E+00,.3601E+00
.3560E+03,.3783E+00,.5906E+00,.5906E+00,.3783E+00
.3565E+03,.3242E+00,.5039E+00,.5039E+00,.3242E+00
.3570E+03,.2688E+00,.4160E+00,.4160E+00,.2688E+00
.3575E+03,.3303E+00,.5088E+00,.5088E+00,.3303E+00
.3580E+03,.2627E+00,.4028E+00,.4028E+00,.2627E+00
.3585E+03,.2253E+00,.3439E+00,.3439E+00,.2253E+00
.3590E+03,.3162E+00,.4807E+00,.4807E+00,.3162E+00
.3595E+03,.4040E+00,.6122E+00,.6122E+00,.4040E+00
.3600E+03,.4299E+00,.6484E+00,.6484E+00,.4299E+00
.3605E+03,.3448E+00,.5177E+00,.5177E+00,.3448E+00
.3610E+03,.3154E+00,.4715E+00,.4715E+00,.3154E+00
.3615E+03,.3642E+00,.5424E+00,.5424E+00,.3642E+00
.3620E+03,.3158E+00,.4686E+00,.4686E+00,.3158E+00
.3625E+03,.4383E+00,.6478E+00,.6478E+00,.4383E+00
.3630E+03,.3948E+00,.5813E+00,.5813E+00,.3948E+00
.3635E+03,.3646E+00,.5349E+00,.5349E+00,.3646E+00
.3640E+03,.4472E+00,.6536E+00,.6536E+00,.4472E+00
.3645E+03,.3834E+00,.5582E+00,.5582E+00,.3834E+00
.3650E+03,.3916E+00,.5680E+00,.5680E+00,.3916E+00
.3655E+03,.4929E+00,.7122E+00,.7122E+00,.4929E+00
.3660E+03,.5237E+00,.7539E+00,.7539E+00,.5237E+00
.3665E+03,.4934E+00,.7076E+00,.7076E+00,.4934E+00
.3670E+03,.4818E+00,.6883E+00,.6883E+00,.4818E+00
.3675E+03,.5013E+00,.7133E+00,.7133E+00,.5013E+00
.3680E+03,.4397E+00,.6234E+00,.6234E+00,.4397E+00
.3685E+03,.4450E+00,.6288E+00,.6288E+00,.4450E+00
.3690E+03,.4821E+00,.6788E+00,.6788E+00,.4821E+00
.3695E+03,.5155E+00,.7232E+00,.7232E+00,.5155E+00
.3700E+03,.5513E+00,.7708E+00,.7708E+00,.5513E+00
.3705E+03,.4291E+00,.5978E+00,.5978E+00,.4291E+00
.3710E+03,.4598E+00,.6384E+00,.6384E+00,.4598E+00
.3715E+03,.5769E+00,.7982E+00,.7982E+00,.5769E+00
.3720E+03,.3840E+00,.5294E+00,.5294E+00,.3840E+00
.3725E+03,.4617E+00,.6343E+00,.6343E+00,.4617E+00
.3730E+03,.4709E+00,.6448E+00,.6448E+00,.4709E+00
.3735E+03,.3072E+00,.4192E+00,.4192E+00,.3072E+00
.3740E+03,.4476E+00,.6087E+00,.6087E+00,.4476E+00
.3745E+03,.3716E+00,.5038E+00,.5038E+00,.3716E+00
.3750E+03,.3622E+00,.4894E+00,.4894E+00,.3622E+00
.3755E+03,.5422E+00,.7301E+00,.7301E+00,.5422E+00
.3760E+03,.4507E+00,.6048E+00,.6048E+00,.4507E+00
.3765E+03,.4683E+00,.6264E+00,.6264E+00,.4683E+00
.3770E+03,.4971E+00,.6627E+00,.6627E+00,.4971E+00
.3775E+03,.5830E+00,.7748E+00,.7748E+00,.5830E+00
.3780E+03,.6336E+00,.8393E+00,.8393E+00,.6336E+00
.3785E+03,.6006E+00,.7929E+00,.7929E+00,.6006E+00
.3790E+03,.4970E+00,.6540E+00,.6540E+00,.4970E+00
.3795E+03,.4552E+00,.5971E+00,.5971E+00,.4552E+00
.3800E+03,.4746E+00,.6205E+00,.6205E+00,.4746E+00
.3805E+03,.5762E+00,.7512E+00,.7512E+00,.5762E+00
.3810E+03,.5788E+00,.7524E+00,.7524E+00,.5788E+00
.3815E+03,.4599E+00,.5960E+00,.5960E+00,.4599E+00
.3820E+03,.4094E+00,.5290E+00,.5290E+00,.4094E+00
.3825E+03,.3497E+00,.4507E+00,.4507E+00,.3497E+00
.3830E+03,.3245E+00,.4170E+00,.4170E+00,.3245E+00
.3835E+03,.3133E+00,.4014E+00,.4014E+00,.3133E+00
.3840E+03,.3464E+00,.4424E+00,.4424E+00,.3464E+00
.3845E+03,.5107E+00,.6504E+00,.6504E+00,.5107E+00
.3850E+03,.5076E+00,.6447E+00,.6447E+00,.5076E+00
.3855E+03,.4739E+00,.6002E+00,.6002E+00,.4739E+00
.3860E+03,.4069E+00,.5138E+00,.5138E+00,.4069E+00
.3865E+03,.5357E+00,.6747E+00,.6747E+00,.5357E+00
.3870E+03,.4462E+00,.5604E+00,.5604E+00,.4462E+00
.3875E+03,.5024E+00,.6292E+00,.6292E+00,.5024E+00
.3880E+03,.4650E+00,.5807E+00,.5807E+00,.4650E+00
.3885E+03,.4607E+00,.5738E+00,.5738E+00,.4607E+00
.3890E+03,.4984E+00,.6191E+00,.6191E+00,.4984E+00
.3895E+03,.6051E+00,.7495E+00,.7495E+00,.6051E+00
.3900E+03,.6086E+00,.7519E+00,.7519E+00,.6086E+00
.3905E+03,.5613E+00,.6916E+00,.6916E+00,.5613E+00
.3910E+03,.6622E+00,.8138E+00,.8138E+00,.6622E+00
.3915E+03,.6770E+00,.8297E+00,.8297E+00,.6770E+00
.3920E+03,.5715E+00,.6985E+00,.6985E+00,.5715E+00
.3925E+03,.5127E+00,.6251E+00,.6251E+00,.5127E+00
.3930E+03,.2859E+00,.3476E+00,.3476E+00,.2859E+00
.3935E+03,.2082E+00,.2526E+00,.2526E+00,.2082E+00
.3940E+03,.4246E+00,.5137E+00,.5137E+00,.4246E+00
.3945E+03,.5409E+00,.6528E+00,.6528E+00,.5409E+00
.3950E+03,.6613E+00,.7961E+00,.7961E+00,.6613E+00
.3955E+03,.6733E+00,.8084E+00,.8084E+00,.6733E+00
.3960E+03,.5849E+00,.7006E+00,.7006E+00,.5849E+00
.3965E+03,.3426E+00,.4093E+00,.4093E+00,.3426E+00
.3970E+03,.2576E+00,.3071E+00,.3071E+00,.2576E+00
.3975E+03,.5250E+00,.6242E+00,.6242E+00,.5250E+00
.3980E+03,.7368E+00,.8738E+00,.8738E+00,.7368E+00
.3985E+03,.7631E+00,.9028E+00,.9028E+00,.7631E+00
.3990E+03,.8277E+00,.9770E+00,.9770E+00,.8277E+00
.3995E+03,.8266E+00,.9733E+00,.9733E+00,.8266E+00
.4000E+03,.8602E+00,.1010E+01,.1010E+01,.8602E+00
.4010E+03,.8865E+00,.1034E+01,.1034E+01,.8865E+00
.4020E+03,.9387E+00,.1090E+01,.1090E+01,.9387E+00
.4030E+03,.8948E+00,.1035E+01,.1035E+01,.8948E+00
.4040E+03,.8842E+00,.1018E+01,.1018E+01,.8842E+00
.4050E+03,.8871E+00,.1017E+01,.1017E+01,.8871E+00
.4060E+03,.8757E+00,.9995E+00,.9995E+00,.8757E+00
.4070E+03,.8645E+00,.9826E+00,.9826E+00,.8645E+00
.4080E+03,.9014E+00,.1020E+01,.1020E+01,.9014E+00
.4090E+03,.9680E+00,.1091E+01,.1091E+01,.9680E+00
.4100E+03,.8483E+00,.9522E+00,.9522E+00,.8483E+00
.4110E+03,.9217E+00,.1030E+01,.1030E+01,.9217E+00
.4120E+03,.9926E+00,.1105E+01,.1105E+01,.9926E+00
.4130E+03,.9713E+00,.1077E+01,.1077E+01,.9713E+00
.4140E+03,.9863E+00,.1090E+01,.1090E+01,.9863E+00
.4150E+03,.9916E+00,.1091E+01,.1091E+01,.9916E+00
.4160E+03,.1012E+01,.1110E+01,.1110E+01,.1012E+01
.4170E+03,.9902E+00,.1082E+01,.1082E+01,.9902E+00
.4180E+03,.9749E+00,.1061E+01,.1061E+01,.9749E+00
.4190E+03,.9905E+00,.1074E+01,.1074E+01,.9905E+00
.4200E+03,.9892E+00,.1069E+01,.1069E+01,.9892E+00
.4210E+03,.1038E+01,.1117E+01,.1117E+01,.1038E+01
.4220E+03,.9893E+00,.1061E+01,.1061E+01,.9893E+00
.4230E+03,.9691E+00,.1036E+01,.1036E+01,.9691E+00
.4240E+03,.1028E+01,.1095E+01,.1095E+01,.1028E+01
.4250E+03,.1029E+01,.1093E+01,.1093E+01,.1029E+01
.4260E+03,.1004E+01,.1063E+01,.1063E+01,.1004E+01
.4270E+03,.9883E+00,.1042E+01,.1042E+01,.9883E+00
.4280E+03,.9654E+00,.1015E+01,.1015E+01,.9654E+00
.4290E+03,.9165E+00,.9604E+00,.9604E+00,.9165E+00
.4300E+03,.8039E+00,.8397E+00,.8397E+00,.8039E+00
.4310E+03,.7993E+00,.8321E+00,.8321E+00,.7993E+00
.4320E+03,.1034E+01,.1074E+01,.1074E+01,.1034E+01
.4330E+03,.1043E+01,.1079E+01,.1079E+01,.1043E+01
.4340E+03,.9707E+00,.1001E+01,.1001E+01,.9707E+00
.4350E+03,.1017E+01,.1045E+01,.1045E+01,.1017E+01
.4360E+03,.1148E+01,.1177E+01,.1177E+01,.1148E+01
.4370E+03,.1134E+01,.1159E+01,.1159E+01,.1134E+01
.4380E+03,.1035E+01,.1055E+01,.1055E+01,.1035E+01
.4390E+03,.1074E+01,.1091E+01,.1091E+01,.1074E+01
.4400E+03,.1110E+01,.1124E+01,.1124E+01,.1110E+01
.4410E+03,.1153E+01,.1164E+01,.1164E+01,.1153E+01
.4420E+03,.1239E+01,.1248E+01,.1248E+01,.1239E+01
.4430E+03,.1210E+01,.1216E+01,.1216E+01,.1210E+01
.4440E+03,.1239E+01,.1241E+01,.1241E+01,.1239E+01
.4450E+03,.1215E+01,.1214E+01,.1214E+01,.1215E+01
.4460E+03,.1161E+01,.1157E+01,.1157E+01,.1161E+01
.4470E+03,.1258E+01,.1250E+01,.1250E+01,.1258E+01
.4480E+03,.1281E+01,.1269E+01,.1269E+01,.1281E+01
.4490E+03,.1288E+01,.1273E+01,.1273E+01,.1288E+01
.4500E+03,.1326E+01,.1307E+01,.1307E+01,.1326E+01
.4510E+03,.1378E+01,.1355E+01,.1355E+01,.1378E+01
.4520E+03,.1331E+01,.1305E+01,.1305E+01,.1331E+01
.4530E+03,.1254E+01,.1226E+01,.1226E+01,.1254E+01
.4540E+03,.1311E+01,.1279E+01,.1279E+01,.1311E+01
.4550E+03,.1322E+01,.1286E+01,.1286E+01,.1322E+01
.4560E+03,.1356E+01,.1316E+01,.1316E+01,.1356E+01
.4570E+03,.1381E+01,.1337E+01,.1337E+01,.1381E+01
.4580E+03,.1337E+01,.1291E+01,.1291E+01,.1337E+01
.4590E+03,.1333E+01,.1284E+01,.1284E+01,.1333E+01
.4600E+03,.1339E+01,.1287E+01,.1287E+01,.1339E+01
.4610E+03,.1372E+01,.1315E+01,.1315E+01,.1372E+01
.4620E+03,.1385E+01,.1324E+01,.1324E+01,.1385E+01
.4630E+03,.1378E+01,.1314E+01,.1314E+01,.1378E+01
.4640E+03,.1357E+01,.1291E+01,.1291E+01,.1357E+01
.4650E+03,.1341E+01,.1274E+01,.1274E+01,.1341E+01
.4660E+03,.1356E+01,.1285E+01,.1285E+01,.1356E+01
.4670E+03,.1334E+01,.1261E+01,.1261E+01,.1334E+01
.4680E+03,.1352E+01,.1276E+01,.1276E+01,.1352E+01
.4690E+03,.1362E+01,.1282E+01,.1282E+01,.1362E+01
.4700E+03,.1321E+01,.1240E+01,.1240E+01,.1321E+01
.4710E+03,.1321E+01,.1238E+01,.1238E+01,.1321E+01
.4720E+03,.1394E+01,.1303E+01,.1303E+01,.1394E+01
.4730E+03,.1379E+01,.1286E+01,.1286E+01,.1379E+01
.4740E+03,.1384E+01,.1288E+01,.1288E+01,.1384E+01
.4750E+03,.1399E+01,.1298E+01,.1298E+01,.1399E+01
.4760E+03,.1360E+01,.1259E+01,.1259E+01,.1360E+01
.4770E+03,.1367E+01,.1262E+01,.1262E+01,.1367E+01
.4780E+03,.1407E+01,.1297E+01,.1297E+01,.1407E+01
.4790E+03,.1400E+01,.1288E+01,.1288E+01,.1400E+01
.4800E+03,.1404E+01,.1288E+01,.1288E+01,.1404E+01
.4810E+03,.1432E+01,.1311E+01,.1311E+01,.1432E+01
.4820E+03,.1441E+01,.1317E+01,.1317E+01,.1441E+01
.4830E+03,.1425E+01,.1300E+01,.1300E+01,.1425E+01
.4840E+03,.1397E+01,.1272E+01,.1272E+01,.1397E+01
.4850E+03,.1333E+01,.1211E+01,.1211E+01,.1333E+01
.4860E+03,.1166E+01,.1058E+01,.1058E+01,.1166E+01
.4870E+03,.1224E+01,.1108E+01,.1108E+01,.1224E+01
.4880E+03,.1344E+01,.1214E+01,.1214E+01,.1344E+01
.4890E+03,.1351E+01,.1218E+01,.1218E+01,.1351E+01
.4900E+03,.1423E+01,.1280E+01,.1280E+01,.1423E+01
.4910E+03,.1400E+01,.1257E+01,.1257E+01,.1400E+01
.4920E+03,.1324E+01,.1187E+01,.1187E+01,.1324E+01
.4930E+03,.1369E+01,.1225E+01,.1225E+01,.1369E+01
.4940E+03,.1385E+01,.1236E+01,.1236E+01,.1385E+01
.4950E+03,.1398E+01,.1246E+01,.1246E+01,.1398E+01
.4960E+03,.1408E+01,.1253E+01,.1253E+01,.1408E+01
.4970E+03,.1432E+01,.1272E+01,.1272E+01,.1432E+01
.4980E+03,.1367E+01,.1212E+01,.1212E+01,.1367E+01
.4990E+03,.1387E+01,.1227E+01,.1227E+01,.1387E+01
.5000E+03,.1349E+01,.1195E+01,.1195E+01,.1349E+01
.5010E+03,.1326E+01,.1180E+01,.1180E+01,.1326E+01
.5020E+03,.1311E+01,.1164E+01,.1164E+01,.1311E+01
.5030E+03,.1368E+01,.1212E+01,.1212E+01,.1368E+01
.5040E+03,.1339E+01,.1184E+01,.1184E+01,.1339E+01
.5050E+03,.1385E+01,.1223E+01,.1223E+01,.1385E+01
.5060E+03,.1432E+01,.1262E+01,.1262E+01,.1432E+01
.5070E+03,.1364E+01,.1201E+01,.1201E+01,.1364E+01
.5080E+03,.1322E+01,.1162E+01,.1162E+01,.1322E+01
.5090E+03,.1360E+01,.1193E+01,.1193E+01,.1360E+01
.5100E+03,.1353E+01,.1186E+01,.1186E+01,.1353E+01
.5110E+03,.1390E+01,.1216E+01,.1216E+01,.1390E+01
.5120E+03,.1406E+01,.1229E+01,.1229E+01,.1406E+01
.5130E+03,.1333E+01,.1163E+01,.1163E+01,.1333E+01
.5140E+03,.1325E+01,.1154E+01,.1154E+01,.1325E+01
.5150E+03,.1313E+01,.1142E+01,.1142E+01,.1313E+01
.5160E+03,.1312E+01,.1139E+01,.1139E+01,.1312E+01
.5170E+03,.1167E+01,.1011E+01,.1011E+01,.1167E+01
.5180E+03,.1228E+01,.1063E+01,.1063E+01,.1228E+01
.5190E+03,.1290E+01,.1115E+01,.1115E+01,.1290E+01
.5200E+03,.1338E+01,.1155E+01,.1155E+01,.1338E+01
.5210E+03,.1352E+01,.1165E+01,.1165E+01,.1352E+01
.5220E+03,.1355E+01,.1166E+01,.1166E+01,.1355E+01
.5230E+03,.1332E+01,.1145E+01,.1145E+01,.1332E+01
.5240E+03,.1382E+01,.1186E+01,.1186E+01,.1382E+01
.5250E+03,.1401E+01,.1200E+01,.1200E+01,.1401E+01
.5260E+03,.1340E+01,.1146E+01,.1146E+01,.1340E+01
.5270E+03,.1264E+01,.1079E+01,.1079E+01,.1264E+01
.5280E+03,.1339E+01,.1141E+01,.1141E+01,.1339E+01
.5290E+03,.1412E+01,.1202E+01,.1202E+01,.1412E+01
.5300E+03,.1394E+01,.1185E+01,.1185E+01,.1394E+01
.5310E+03,.1416E+01,.1202E+01,.1202E+01,.1416E+01
.5320E+03,.1369E+01,.1161E+01,.1161E+01,.1369E+01
.5330E+03,.1331E+01,.1126E+01,.1126E+01,.1331E+01
.5340E+03,.1371E+01,.1159E+01,.1159E+01,.1371E+01
.5350E+03,.1402E+01,.1184E+01,.1184E+01,.1402E+01
.5360E+03,.1415E+01,.1194E+01,.1194E+01,.1415E+01
.5370E+03,.1361E+01,.1146E+01,.1146E+01,.1361E+01
.5380E+03,.1386E+01,.1166E+01,.1166E+01,.1386E+01
.5390E+03,.1376E+01,.1156E+01,.1156E+01,.1376E+01
.5400E+03,.1321E+01,.1108E+01,.1108E+01,.1321E+01
.5410E+03,.1332E+01,.1117E+01,.1117E+01,.1332E+01
.5420E+03,.1376E+01,.1152E+01,.1152E+01,.1376E+01
.5430E+03,.1362E+01,.1139E+01,.1139E+01,.1362E+01
.5440E+03,.1388E+01,.1159E+01,.1159E+01,.1388E+01
.5450E+03,.1384E+01,.1154E+01,.1154E+01,.1384E+01
.5460E+03,.1392E+01,.1159E+01,.1159E+01,.1392E+01
.5470E+03,.1390E+01,.1157E+01,.1157E+01,.1390E+01
.5480E+03,.1374E+01,.1142E+01,.1142E+01,.1374E+01
.5490E+03,.1380E+01,.1145E+01,.1145E+01,.1380E+01
.5500E+03,.1398E+01,.1159E+01,.1159E+01,.1398E+01
.5510E+03,.1382E+01,.1145E+01,.1145E+01,.1382E+01
.5520E+03,.1393E+01,.1152E+01,.1152E+01,.1393E+01
.5530E+03,.1369E+01,.1132E+01,.1132E+01,.1369E+01
.5540E+03,.1403E+01,.1158E+01,.1158E+01,.1403E+01
.5550E+03,.1407E+01,.1160E+01,.1160E+01,.1407E+01
.5560E+03,.1389E+01,.1144E+01,.1144E+01,.1389E+01
.5570E+03,.1348E+01,.1108E+01,.1108E+01,.1348E+01
.5580E+03,.1339E+01,.1100E+01,.1100E+01,.1339E+01
.5590E+03,.1315E+01,.1079E+01,.1079E+01,.1315E+01
.5600E+03,.1333E+01,.1093E+01,.1093E+01,.1333E+01
.5610E+03,.1353E+01,.1107E+01,.1107E+01,.1353E+01
.5620E+03,.1345E+01,.1100E+01,.1100E+01,.1345E+01
.5630E+03,.1383E+01,.1130E+01,.1130E+01,.1383E+01
.5640E+03,.1347E+01,.1100E+01,.1100E+01,.1347E+01
.5650E+03,.1337E+01,.1090E+01,.1090E+01,.1337E+01
.5660E+03,.1319E+01,.1074E+01,.1074E+01,.1319E+01
.5670E+03,.1346E+01,.1095E+01,.1095E+01,.1346E+01
.5680E+03,.1337E+01,.1086E+01,.1086E+01,.1337E+01
.5690E+03,.1311E+01,.1063E+01,.1063E+01,.1311E+01
.5700E+03,.1310E+01,.1062E+01,.1062E+01,.1310E+01
.5710E+03,.1302E+01,.1054E+01,.1054E+01,.1302E+01
.5720E+03,.1337E+01,.1081E+01,.1081E+01,.1337E+01
.5730E+03,.1352E+01,.1093E+01,.1093E+01,.1352E+01
.5740E+03,.1349E+01,.1089E+01,.1089E+01,.1349E+01
.5750E+03,.1326E+01,.1069E+01,.1069E+01,.1326E+01
.5760E+03,.1314E+01,.1059E+01,.1059E+01,.1314E+01
.5770E+03,.1329E+01,.1069E+01,.1069E+01,.1329E+01
.5780E+03,.1308E+01,.1053E+01,.1053E+01,.1308E+01
.5790E+03,.1313E+01,.1056E+01,.1056E+01,.1313E+01
.5800E+03,.1337E+01,.1074E+01,.1074E+01,.1337E+01
.5810E+03,.1343E+01,.1078E+01,.1078E+01,.1343E+01
.5820E+03,.1368E+01,.1098E+01,.1098E+01,.1368E+01
.5830E+03,.1372E+01,.1100E+01,.1100E+01,.1372E+01
.5840E+03,.1384E+01,.1109E+01,.1109E+01,.1384E+01
.5850E+03,.1351E+01,.1081E+01,.1081E+01,.1351E+01
.5860E+03,.1323E+01,.1059E+01,.1059E+01,.1323E+01
.5870E+03,.1354E+01,.1082E+01,.1082E+01,.1354E+01
.5880E+03,.1327E+01,.1059E+01,.1059E+01,.1327E+01
.5890E+03,.1187E+01,.9453E+00,.9453E+00,.1187E+01
.5900E+03,.1240E+01,.9873E+00,.9873E+00,.1240E+01
.5910E+03,.1307E+01,.1040E+01,.1040E+01,.1307E+01
.5920E+03,.1296E+01,.1030E+01,.1030E+01,.1296E+01
.5930E+03,.1311E+01,.1042E+01,.1042E+01,.1311E+01
.5940E+03,.1307E+01,.1037E+01,.1037E+01,.1307E+01
.5950E+03,.1279E+01,.1014E+01,.1014E+01,.1279E+01
.5960E+03,.1320E+01,.1047E+01,.1047E+01,.1320E+01
.5970E+03,.1309E+01,.1037E+01,.1037E+01,.1309E+01
.5980E+03,.1305E+01,.1033E+01,.1033E+01,.1305E+01
.5990E+03,.1306E+01,.1033E+01,.1033E+01,.1306E+01
.6000E+03,.1306E+01,.1033E+01,.1033E+01,.1306E+01
.6010E+03,.1294E+01,.1023E+01,.1023E+01,.1294E+01
.6020E+03,.1285E+01,.1015E+01,.1015E+01,.1285E+01
.6030E+03,.1306E+01,.1030E+01,.1030E+01,.1306E+01
.6040E+03,.1327E+01,.1046E+01,.1046E+01,.1327E+01
.6050E+03,.1321E+01,.1041E+01,.1041E+01,.1321E+01
.6060E+03,.1317E+01,.1037E+01,.1037E+01,.1317E+01
.6070E+03,.1332E+01,.1048E+01,.1048E+01,.1332E+01
.6080E+03,.1318E+01,.1037E+01,.1037E+01,.1318E+01
.6090E+03,.1321E+01,.1039E+01,.1039E+01,.1321E+01
.6100E+03,.1311E+01,.1030E+01,.1030E+01,.1311E+01
.6110E+03,.1319E+01,.1036E+01,.1036E+01,.1319E+01
.6120E+03,.1315E+01,.1032E+01,.1032E+01,.1315E+01
.6130E+03,.1299E+01,.1019E+01,.1019E+01,.1299E+01
.6140E+03,.1281E+01,.1004E+01,.1004E+01,.1281E+01
.6150E+03,.1310E+01,.1026E+01,.1026E+01,.1310E+01
.6160E+03,.1267E+01,.9921E+00,.9921E+00,.1267E+01
.6170E+03,.1265E+01,.9897E+00,.9897E+00,.1265E+01
.6180E+03,.1313E+01,.1027E+01,.1027E+01,.1313E+01
.6190E+03,.1300E+01,.1016E+01,.1016E+01,.1300E+01
.6200E+03,.1308E+01,.1022E+01,.1022E+01,.1308E+01
.6210E+03,.1308E+01,.1021E+01,.1021E+01,.1308E+01
.6220E+03,.1284E+01,.1001E+01,.1001E+01,.1284E+01
.6230E+03,.1256E+01,.9785E+00,.9785E+00,.1256E+01
.6240E+03,.1239E+01,.9649E+00,.9649E+00,.1239E+01
.6250E+03,.1245E+01,.9692E+00,.9692E+00,.1245E+01
.6260E+03,.1267E+01,.9853E+00,.9853E+00,.1267E+01
.6270E+03,.1285E+01,.9986E+00,.9986E+00,.1285E+01
.6280E+03,.1216E+01,.9431E+00,.9431E+00,.1216E+01
.6290E+03,.1262E+01,.9794E+00,.9794E+00,.1262E+01
.6300E+03,.1235E+01,.9575E+00,.9575E+00,.1235E+01
.6310E+03,.1260E+01,.9769E+00,.9769E+00,.1260E+01
.6320E+03,.1247E+01,.9668E+00,.9668E+00,.1247E+01
.6330E+03,.1286E+01,.9966E+00,.9966E+00,.1286E+01
.6340E+03,.1273E+01,.9860E+00,.9860E+00,.1273E+01
.6350E+03,.1292E+01,.1001E+01,.1001E+01,.1292E+01
.6360E+03,.1274E+01,.9860E+00,.9860E+00,.1274E+01
.6370E+03,.1294E+01,.1001E+01,.1001E+01,.1294E+01
.6380E+03,.1305E+01,.1009E+01,.1009E+01,.1305E+01
.6390E+03,.1292E+01,.9984E+00,.9984E+00,.1292E+01
.6400E+03,.1280E+01,.9890E+00,.9890E+00,.1280E+01
.6410E+03,.1280E+01,.9885E+00,.9885E+00,.1280E+01
.6420E+03,.1274E+01,.9836E+00,.9836E+00,.1274E+01
.6430E+03,.1292E+01,.9969E+00,.9969E+00,.1292E+01
.6440E+03,.1288E+01,.9932E+00,.9932E+00,.1288E+01
.6450E+03,.1292E+01,.9956E+00,.9956E+00,.1292E+01
.6460E+03,.1266E+01,.9752E+00,.9752E+00,.1266E+01
.6470E+03,.1259E+01,.9688E+00,.9688E+00,.1259E+01
.6480E+03,.1263E+01,.9712E+00,.9712E+00,.1263E+01
.6490E+03,.1239E+01,.9524E+00,.9524E+00,.1239E+01
.6500E+03,.1237E+01,.9507E+00,.9507E+00,.1237E+01
.6510E+03,.1289E+01,.9905E+00,.9905E+00,.1289E+01
.6520E+03,.1247E+01,.9574E+00,.9574E+00,.1247E+01
.6530E+03,.1273E+01,.9774E+00,.9774E+00,.1273E+01
.6540E+03,.1258E+01,.9656E+00,.9656E+00,.1258E+01
.6550E+03,.1217E+01,.9331E+00,.9331E+00,.1217E+01
.6560E+03,.1075E+01,.8239E+00,.8239E+00,.1075E+01
.6570E+03,.1103E+01,.8454E+00,.8454E+00,.1103E+01
.6580E+03,.1233E+01,.9445E+00,.9445E+00,.1233E+01
.6590E+03,.1238E+01,.9477E+00,.9477E+00,.1238E+01
.6600E+03,.1236E+01,.9458E+00,.9458E+00,.1236E+01
.6610E+03,.1233E+01,.9427E+00,.9427E+00,.1233E+01
.6620E+03,.1229E+01,.9383E+00,.9383E+00,.1229E+01
.6630E+03,.1210E+01,.9241E+00,.9241E+00,.1210E+01
.6640E+03,.1233E+01,.9416E+00,.9416E+00,.1233E+01
.6650E+03,.1239E+01,.9457E+00,.9457E+00,.1239E+01
.6660E+03,.1245E+01,.9506E+00,.9506E+00,.1245E+01
.6670E+03,.1248E+01,.9521E+00,.9521E+00,.1248E+01
.6680E+03,.1250E+01,.9532E+00,.9532E+00,.1250E+01
.6690E+03,.1270E+01,.9682E+00,.9682E+00,.1270E+01
.6700E+03,.1265E+01,.9643E+00,.9643E+00,.1265E+01
.6710E+03,.1265E+01,.9639E+00,.9639E+00,.1265E+01
.6720E+03,.1255E+01,.9557E+00,.9557E+00,.1255E+01
.6730E+03,.1274E+01,.9700E+00,.9700E+00,.1274E+01
.6740E+03,.1270E+01,.9663E+00,.9663E+00,.1270E+01
.6750E+03,.1259E+01,.9573E+00,.9573E+00,.1259E+01
.6760E+03,.1268E+01,.9636E+00,.9636E+00,.1268E+01
.6770E+03,.1255E+01,.9537E+00,.9537E+00,.1255E+01
.6780E+03,.1258E+01,.9558E+00,.9558E+00,.1258E+01
.6790E+03,.1238E+01,.9401E+00,.9401E+00,.1238E+01
.6800E+03,.1249E+01,.9477E+00,.9477E+00,.1249E+01
.6810E+03,.1241E+01,.9418E+00,.9418E+00,.1241E+01
.6820E+03,.1241E+01,.9409E+00,.9409E+00,.1241E+01
.6830E+03,.1239E+01,.9392E+00,.9392E+00,.1239E+01
.6840E+03,.1234E+01,.9346E+00,.9346E+00,.1234E+01
.6850E+03,.1245E+01,.9426E+00,.9426E+00,.1245E+01
.6860E+03,.1238E+01,.9372E+00,.9372E+00,.1238E+01
.6870E+03,.8891E+00,.6663E+00,.6663E+00,.8891E+00
.6880E+03,.1010E+01,.7594E+00,.7594E+00,.1010E+01
.6890E+03,.1013E+01,.7615E+00,.7615E+00,.1013E+01
.6900E+03,.1052E+01,.7918E+00,.7918E+00,.1052E+01
.6910E+03,.1097E+01,.8259E+00,.8259E+00,.1097E+01
.6920E+03,.1129E+01,.8513E+00,.8513E+00,.1129E+01
.6930E+03,.1128E+01,.8498E+00,.8498E+00,.1128E+01
.6940E+03,.1124E+01,.8463E+00,.8463E+00,.1124E+01
.6950E+03,.1159E+01,.8730E+00,.8730E+00,.1159E+01
.6960E+03,.1162E+01,.8746E+00,.8746E+00,.1162E+01
.6970E+03,.1214E+01,.9150E+00,.9150E+00,.1214E+01
.6980E+03,.1196E+01,.9012E+00,.9012E+00,.1196E+01
.6990E+03,.1180E+01,.8882E+00,.8882E+00,.1180E+01
.7000E+03,.1167E+01,.8776E+00,.8776E+00,.1167E+01
.7010E+03,.1159E+01,.8713E+00,.8713E+00,.1159E+01
.7020E+03,.1163E+01,.8742E+00,.8742E+00,.1163E+01
.7030E+03,.1166E+01,.8758E+00,.8758E+00,.1166E+01
.7040E+03,.1196E+01,.8988E+00,.8988E+00,.1196E+01
.7050E+03,.1199E+01,.9007E+00,.9007E+00,.1199E+01
.7060E+03,.1195E+01,.8977E+00,.8977E+00,.1195E+01
.7070E+03,.1196E+01,.8978E+00,.8978E+00,.1196E+01
.7080E+03,.1199E+01,.8998E+00,.8998E+00,.1199E+01
.7090E+03,.1197E+01,.8980E+00,.8980E+00,.1197E+01
.7100E+03,.1199E+01,.8995E+00,.8995E+00,.1199E+01
.7110E+03,.1196E+01,.8971E+00,.8971E+00,.1196E+01
.7120E+03,.1191E+01,.8930E+00,.8930E+00,.1191E+01
.7130E+03,.1182E+01,.8852E+00,.8852E+00,.1182E+01
.7140E+03,.1186E+01,.8884E+00,.8884E+00,.1186E+01
.7150E+03,.1154E+01,.8637E+00,.8637E+00,.1154E+01
.7160E+03,.1157E+01,.8655E+00,.8655E+00,.1157E+01
.7170E+03,.1047E+01,.7813E+00,.7813E+00,.1047E+01
.7180E+03,.9752E+00,.7265E+00,.7265E+00,.9752E+00
.7190E+03,.8980E+00,.6682E+00,.6682E+00,.8980E+00
.7200E+03,.9426E+00,.7013E+00,.7013E+00,.9426E+00
.7210E+03,.1011E+01,.7533E+00,.7533E+00,.1011E+01
.7220E+03,.1126E+01,.8401E+00,.8401E+00,.1126E+01
.7230E+03,.1065E+01,.7940E+00,.7940E+00,.1065E+01
.7240E+03,.9792E+00,.7285E+00,.7285E+00,.9792E+00
.7250E+03,.9715E+00,.7223E+00,.7223E+00,.9715E+00
.7260E+03,.1011E+01,.7516E+00,.7516E+00,.1011E+01
.7270E+03,.1017E+01,.7562E+00,.7562E+00,.1017E+01
.7280E+03,.9702E+00,.7207E+00,.7207E+00,.9702E+00
.7290E+03,.9902E+00,.7360E+00,.7360E+00,.9902E+00
.7300E+03,.1046E+01,.7778E+00,.7778E+00,.1046E+01
.7310E+03,.1007E+01,.7481E+00,.7481E+00,.1007E+01
.7320E+03,.1061E+01,.7882E+00,.7882E+00,.1061E+01
.7330E+03,.1106E+01,.8227E+00,.8227E+00,.1106E+01
.7340E+03,.1128E+01,.8391E+00,.8391E+00,.1128E+01
.7350E+03,.1108E+01,.8233E+00,.8233E+00,.1108E+01
.7360E+03,.1106E+01,.8220E+00,.8220E+00,.1106E+01
.7370E+03,.1112E+01,.8257E+00,.8257E+00,.1112E+01
.7380E+03,.1119E+01,.8315E+00,.8315E+00,.1119E+01
.7390E+03,.1098E+01,.8155E+00,.8155E+00,.1098E+01
.7400E+03,.1123E+01,.8342E+00,.8342E+00,.1123E+01
.7410E+03,.1110E+01,.8243E+00,.8243E+00,.1110E+01
.7420E+03,.1110E+01,.8237E+00,.8237E+00,.1110E+01
.7430E+03,.1138E+01,.8442E+00,.8442E+00,.1138E+01
.7440E+03,.1133E+01,.8409E+00,.8409E+00,.1133E+01
.7450E+03,.1133E+01,.8403E+00,.8403E+00,.1133E+01
.7460E+03,.1138E+01,.8441E+00,.8441E+00,.1138E+01
.7470E+03,.1141E+01,.8458E+00,.8458E+00,.1141E+01
.7480E+03,.1139E+01,.8439E+00,.8439E+00,.1139E+01
.7490E+03,.1126E+01,.8342E+00,.8342E+00,.1126E+01
.7500E+03,.1126E+01,.8337E+00,.8337E+00,.1126E+01
.7510E+03,.1115E+01,.8252E+00,.8252E+00,.1115E+01
.7520E+03,.1120E+01,.8287E+00,.8287E+00,.1120E+01
.7530E+03,.1126E+01,.8328E+00,.8328E+00,.1126E+01
.7540E+03,.1128E+01,.8348E+00,.8348E+00,.1128E+01
.7550E+03,.1122E+01,.8301E+00,.8301E+00,.1122E+01
.7560E+03,.1122E+01,.8296E+00,.8296E+00,.1122E+01
.7570E+03,.1124E+01,.8308E+00,.8308E+00,.1124E+01
.7580E+03,.1111E+01,.8205E+00,.8205E+00,.1111E+01
.7590E+03,.1092E+01,.8063E+00,.8063E+00,.1092E+01
.7600E+03,.2503E+00,.1797E+00,.1797E+00,.2503E+00
.7610E+03,.1469E+00,.1047E+00,.1047E+00,.1469E+00
.7620E+03,.6279E+00,.4580E+00,.4580E+00,.6279E+00
.7630E+03,.3553E+00,.2564E+00,.2564E+00,.3553E+00
.7640E+03,.4973E+00,.3609E+00,.3609E+00,.4973E+00
.7650E+03,.6286E+00,.4581E+00,.4581E+00,.6286E+00
.7660E+03,.7389E+00,.5406E+00,.5406E+00,.7389E+00
.7670E+03,.9003E+00,.6608E+00,.6608E+00,.9003E+00
.7680E+03,.1014E+01,.7459E+00,.7459E+00,.1014E+01
.7690E+03,.1030E+01,.7579E+00,.7579E+00,.1030E+01
.7700E+03,.1059E+01,.7795E+00,.7795E+00,.1059E+01
.7710E+03,.1065E+01,.7839E+00,.7839E+00,.1065E+01
.7720E+03,.1067E+01,.7850E+00,.7850E+00,.1067E+01
.7730E+03,.1074E+01,.7903E+00,.7903E+00,.1074E+01
.7740E+03,.1069E+01,.7864E+00,.7864E+00,.1069E+01
.7750E+03,.1061E+01,.7803E+00,.7803E+00,.1061E+01
.7760E+03,.1074E+01,.7897E+00,.7897E+00,.1074E+01
.7770E+03,.1060E+01,.7792E+00,.7792E+00,.1060E+01
.7780E+03,.1054E+01,.7745E+00,.7745E+00,.1054E+01
.7790E+03,.1055E+01,.7752E+00,.7752E+00,.1055E+01
.7800E+03,.1049E+01,.7708E+00,.7708E+00,.1049E+01
.7810E+03,.1051E+01,.7715E+00,.7715E+00,.1051E+01
.7820E+03,.1058E+01,.7763E+00,.7763E+00,.1058E+01
.7830E+03,.1039E+01,.7627E+00,.7627E+00,.1039E+01
.7840E+03,.1044E+01,.7663E+00,.7663E+00,.1044E+01
.7850E+03,.1037E+01,.7610E+00,.7610E+00,.1037E+01
.7860E+03,.1050E+01,.7697E+00,.7697E+00,.1050E+01
.7870E+03,.1036E+01,.7595E+00,.7595E+00,.1036E+01
.7880E+03,.1026E+01,.7517E+00,.7517E+00,.1026E+01
.7890E+03,.1027E+01,.7523E+00,.7523E+00,.1027E+01
.7900E+03,.1006E+01,.7369E+00,.7369E+00,.1006E+01
.7910E+03,.1009E+01,.7388E+00,.7388E+00,.1009E+01
.7920E+03,.1001E+01,.7327E+00,.7327E+00,.1001E+01
.7930E+03,.9857E+00,.7214E+00,.7214E+00,.9857E+00
.7940E+03,.9952E+00,.7284E+00,.7284E+00,.9952E+00
.7950E+03,.1014E+01,.7421E+00,.7421E+00,.1014E+01
.7960E+03,.9927E+00,.7259E+00,.7259E+00,.9927E+00
.7970E+03,.9944E+00,.7269E+00,.7269E+00,.9944E+00
.7980E+03,.1015E+01,.7420E+00,.7420E+00,.1015E+01
.7990E+03,.1010E+01,.7385E+00,.7385E+00,.1010E+01
.8000E+03,.9955E+00,.7274E+00,.7274E+00,.9955E+00
.8010E+03,.9944E+00,.7263E+00,.7263E+00,.9944E+00
.8020E+03,.9916E+00,.7241E+00,.7241E+00,.9916E+00
.8030E+03,.9854E+00,.7194E+00,.7194E+00,.9854E+00
.8040E+03,.9859E+00,.7197E+00,.7197E+00,.9859E+00
.8050E+03,.9804E+00,.7155E+00,.7155E+00,.9804E+00
.8060E+03,.1004E+01,.7327E+00,.7327E+00,.1004E+01
.8070E+03,.9930E+00,.7245E+00,.7245E+00,.9930E+00
.8080E+03,.9935E+00,.7248E+00,.7248E+00,.9935E+00
.8090E+03,.9783E+00,.7134E+00,.7134E+00,.9783E+00
.8100E+03,.9738E+00,.7098E+00,.7098E+00,.9738E+00
.8110E+03,.9788E+00,.7132E+00,.7132E+00,.9788E+00
.8120E+03,.9577E+00,.6974E+00,.6974E+00,.9577E+00
.8130E+03,.9425E+00,.6860E+00,.6860E+00,.9425E+00
.8140E+03,.8530E+00,.6198E+00,.6198E+00,.8530E+00
.8150E+03,.8472E+00,.6154E+00,.6154E+00,.8472E+00
.8160E+03,.7953E+00,.5773E+00,.5773E+00,.7953E+00
.8170E+03,.8055E+00,.5847E+00,.5847E+00,.8055E+00
.8180E+03,.7803E+00,.5662E+00,.5662E+00,.7803E+00
.8190E+03,.8505E+00,.6178E+00,.6178E+00,.8505E+00
.8200E+03,.8097E+00,.5876E+00,.5876E+00,.8097E+00
.8210E+03,.9186E+00,.6677E+00,.6677E+00,.9186E+00
.8220E+03,.8979E+00,.6523E+00,.6523E+00,.8979E+00
.8230E+03,.6572E+00,.4754E+00,.4754E+00,.6572E+00
.8240E+03,.8822E+00,.6404E+00,.6404E+00,.8822E+00
.8250E+03,.9054E+00,.6575E+00,.6575E+00,.9054E+00
.8260E+03,.8797E+00,.6383E+00,.6383E+00,.8797E+00
.8270E+03,.9194E+00,.6674E+00,.6674E+00,.9194E+00
.8280E+03,.8056E+00,.5836E+00,.5836E+00,.8056E+00
.8290E+03,.8736E+00,.6336E+00,.6336E+00,.8736E+00
.8300E+03,.8660E+00,.6279E+00,.6279E+00,.8660E+00
.8310E+03,.8680E+00,.6293E+00,.6293E+00,.8680E+00
.8320E+03,.8470E+00,.6138E+00,.6138E+00,.8470E+00
.8330E+03,.8855E+00,.6421E+00,.6421E+00,.8855E+00
.8340E+03,.8628E+00,.6252E+00,.6252E+00,.8628E+00
.8350E+03,.9300E+00,.6744E+00,.6744E+00,.9300E+00
.8360E+03,.9014E+00,.6531E+00,.6531E+00,.9014E+00
.8370E+03,.9323E+00,.6758E+00,.6758E+00,.9323E+00
.8380E+03,.9081E+00,.6580E+00,.6580E+00,.9081E+00
.8390E+03,.9176E+00,.6649E+00,.6649E+00,.9176E+00
.8400E+03,.9366E+00,.6786E+00,.6786E+00,.9366E+00
.8410E+03,.9256E+00,.6704E+00,.6704E+00,.9256E+00
.8420E+03,.9245E+00,.6696E+00,.6696E+00,.9245E+00
.8430E+03,.9209E+00,.6670E+00,.6670E+00,.9209E+00
.8440E+03,.9103E+00,.6591E+00,.6591E+00,.9103E+00
.8450E+03,.9385E+00,.6795E+00,.6795E+00,.9385E+00
.8460E+03,.9341E+00,.6761E+00,.6761E+00,.9341E+00
.8470E+03,.9158E+00,.6628E+00,.6628E+00,.9158E+00
.8480E+03,.9117E+00,.6597E+00,.6597E+00,.9117E+00
.8490E+03,.8860E+00,.6410E+00,.6410E+00,.8860E+00
.8500E+03,.8488E+00,.6139E+00,.6139E+00,.8488E+00
.8510E+03,.9004E+00,.6510E+00,.6510E+00,.9004E+00
.8520E+03,.8936E+00,.6460E+00,.6460E+00,.8936E+00
.8530E+03,.8590E+00,.6209E+00,.6209E+00,.8590E+00
.8540E+03,.7429E+00,.5369E+00,.5369E+00,.7429E+00
.8550E+03,.8148E+00,.5888E+00,.5888E+00,.8148E+00
.8560E+03,.8913E+00,.6439E+00,.6439E+00,.8913E+00
.8570E+03,.9103E+00,.6576E+00,.6576E+00,.9103E+00
.8580E+03,.9042E+00,.6530E+00,.6530E+00,.9042E+00
.8590E+03,.9046E+00,.6532E+00,.6532E+00,.9046E+00
.8600E+03,.9059E+00,.6541E+00,.6541E+00,.9059E+00
.8610E+03,.9013E+00,.6506E+00,.6506E+00,.9013E+00
.8620E+03,.9154E+00,.6607E+00,.6607E+00,.9154E+00
.8630E+03,.9372E+00,.6763E+00,.6763E+00,.9372E+00
.8640E+03,.8904E+00,.6425E+00,.6425E+00,.8904E+00
.8650E+03,.8827E+00,.6368E+00,.6368E+00,.8827E+00
.8660E+03,.7938E+00,.5726E+00,.5726E+00,.7938E+00
.8670E+03,.8285E+00,.5975E+00,.5975E+00,.8285E+00
.8680E+03,.9017E+00,.6502E+00,.6502E+00,.9017E+00
.8690E+03,.8832E+00,.6367E+00,.6367E+00,.8832E+00
.8700E+03,.9085E+00,.6548E+00,.6548E+00,.9085E+00
.8710E+03,.8963E+00,.6459E+00,.6459E+00,.8963E+00
.8720E+03,.8932E+00,.6436E+00,.6436E+00,.8932E+00
.8730E+03,.8915E+00,.6423E+00,.6423E+00,.8915E+00
.8740E+03,.8811E+00,.6346E+00,.6346E+00,.8811E+00
.8750E+03,.8634E+00,.6218E+00,.6218E+00,.8634E+00
.8760E+03,.8727E+00,.6284E+00,.6284E+00,.8727E+00
.8770E+03,.8815E+00,.6346E+00,.6346E+00,.8815E+00
.8780E+03,.8915E+00,.6417E+00,.6417E+00,.8915E+00
.8790E+03,.8779E+00,.6318E+00,.6318E+00,.8779E+00
.8800E+03,.8592E+00,.6182E+00,.6182E+00,.8592E+00
.8810E+03,.8472E+00,.6095E+00,.6095E+00,.8472E+00
.8820E+03,.8658E+00,.6228E+00,.6228E+00,.8658E+00
.8830E+03,.8681E+00,.6244E+00,.6244E+00,.8681E+00
.8840E+03,.8644E+00,.6216E+00,.6216E+00,.8644E+00
.8850E+03,.8711E+00,.6263E+00,.6263E+00,.8711E+00
.8860E+03,.8328E+00,.5986E+00,.5986E+00,.8328E+00
.8870E+03,.8400E+00,.6037E+00,.6037E+00,.8400E+00
.8880E+03,.8540E+00,.6136E+00,.6136E+00,.8540E+00
.8890E+03,.8613E+00,.6188E+00,.6188E+00,.8613E+00
.8900E+03,.8570E+00,.6155E+00,.6155E+00,.8570E+00
.8910E+03,.8544E+00,.6137E+00,.6137E+00,.8544E+00
.8920E+03,.8330E+00,.5980E+00,.5980E+00,.8330E+00
.8930E+03,.8115E+00,.5824E+00,.5824E+00,.8115E+00
.8940E+03,.7911E+00,.5674E+00,.5674E+00,.7911E+00
.8950E+03,.7581E+00,.5434E+00,.5434E+00,.7581E+00
.8960E+03,.7227E+00,.5177E+00,.5177E+00,.7227E+00
.8970E+03,.6371E+00,.4557E+00,.4557E+00,.6371E+00
.8980E+03,.6839E+00,.4894E+00,.4894E+00,.6839E+00
.8990E+03,.5387E+00,.3847E+00,.3847E+00,.5387E+00
.9000E+03,.6904E+00,.4942E+00,.4942E+00,.6904E+00
.9010E+03,.5650E+00,.4036E+00,.4036E+00,.5650E+00
.9020E+03,.6370E+00,.4555E+00,.4555E+00,.6370E+00
.9030E+03,.6498E+00,.4645E+00,.4645E+00,.6498E+00
.9040E+03,.7872E+00,.5638E+00,.5638E+00,.7872E+00
.9050E+03,.7648E+00,.5475E+00,.5475E+00,.7648E+00
.9060E+03,.7201E+00,.5152E+00,.5152E+00,.7201E+00
.9070E+03,.6072E+00,.4336E+00,.4336E+00,.6072E+00
.9080E+03,.6169E+00,.4405E+00,.4405E+00,.6169E+00
.9090E+03,.6572E+00,.4696E+00,.4696E+00,.6572E+00
.9100E+03,.6002E+00,.4283E+00,.4283E+00,.6002E+00
.9110E+03,.6283E+00,.4486E+00,.4486E+00,.6283E+00
.9120E+03,.6522E+00,.4658E+00,.4658E+00,.6522E+00
.9130E+03,.6101E+00,.4351E+00,.4351E+00,.6101E+00
.9140E+03,.6030E+00,.4301E+00,.4301E+00,.6030E+00
.9150E+03,.6492E+00,.4632E+00,.4632E+00,.6492E+00
.9160E+03,.5588E+00,.3983E+00,.3983E+00,.5588E+00
.9170E+03,.6841E+00,.4884E+00,.4884E+00,.6841E+00
.9180E+03,.5738E+00,.4089E+00,.4089E+00,.5738E+00
.9190E+03,.6924E+00,.4942E+00,.4942E+00,.6924E+00
.9200E+03,.6932E+00,.4950E+00,.4950E+00,.6932E+00
.9210E+03,.7151E+00,.5107E+00,.5107E+00,.7151E+00
.9220E+03,.6531E+00,.4659E+00,.4659E+00,.6531E+00
.9230E+03,.6904E+00,.4930E+00,.4930E+00,.6904E+00
.9240E+03,.6700E+00,.4779E+00,.4779E+00,.6700E+00
.9250E+03,.6563E+00,.4680E+00,.4680E+00,.6563E+00
.9260E+03,.6631E+00,.4729E+00,.4729E+00,.6631E+00
.9270E+03,.7292E+00,.5203E+00,.5203E+00,.7292E+00
.9280E+03,.5730E+00,.4077E+00,.4077E+00,.5730E+00
.9290E+03,.5333E+00,.3791E+00,.3791E+00,.5333E+00
.9300E+03,.4365E+00,.3096E+00,.3096E+00,.4365E+00
.9310E+03,.4108E+00,.2914E+00,.2914E+00,.4108E+00
.9320E+03,.3136E+00,.2219E+00,.2219E+00,.3136E+00
.9330E+03,.2655E+00,.1876E+00,.1876E+00,.2655E+00
.9340E+03,.1681E+00,.1183E+00,.1183E+00,.1681E+00
.9350E+03,.2644E+00,.1869E+00,.1869E+00,.2644E+00
.9360E+03,.1786E+00,.1259E+00,.1259E+00,.1786E+00
.9370E+03,.1839E+00,.1296E+00,.1296E+00,.1839E+00
.9380E+03,.2203E+00,.1553E+00,.1553E+00,.2203E+00
.9390E+03,.3997E+00,.2832E+00,.2832E+00,.3997E+00
.9400E+03,.4681E+00,.3321E+00,.3321E+00,.4681E+00
.9410E+03,.3702E+00,.2621E+00,.2621E+00,.3702E+00
.9420E+03,.4175E+00,.2959E+00,.2959E+00,.4175E+00
.9430E+03,.2897E+00,.2048E+00,.2048E+00,.2897E+00
.9440E+03,.2935E+00,.2076E+00,.2076E+00,.2935E+00
.9450E+03,.3790E+00,.2682E+00,.2682E+00,.3790E+00
.9460E+03,.2120E+00,.1494E+00,.1494E+00,.2120E+00
.9470E+03,.3848E+00,.2722E+00,.2722E+00,.3848E+00
.9480E+03,.2873E+00,.2030E+00,.2030E+00,.2873E+00
.9490E+03,.4967E+00,.3520E+00,.3520E+00,.4967E+00
.9500E+03,.1696E+00,.1193E+00,.1193E+00,.1696E+00
.9510E+03,.4861E+00,.3444E+00,.3444E+00,.4861E+00
.9520E+03,.2880E+00,.2032E+00,.2032E+00,.2880E+00
.9530E+03,.3533E+00,.2497E+00,.2497E+00,.3533E+00
.9540E+03,.4151E+00,.2938E+00,.2938E+00,.4151E+00
.9550E+03,.3588E+00,.2536E+00,.2536E+00,.3588E+00
.9560E+03,.3375E+00,.2385E+00,.2385E+00,.3375E+00
.9570E+03,.2896E+00,.2043E+00,.2043E+00,.2896E+00
.9580E+03,.4529E+00,.3208E+00,.3208E+00,.4529E+00
.9590E+03,.3782E+00,.2674E+00,.2674E+00,.3782E+00
.9600E+03,.4226E+00,.2989E+00,.2989E+00,.4226E+00
.9610E+03,.4611E+00,.3264E+00,.3264E+00,.4611E+00
.9620E+03,.4386E+00,.3103E+00,.3103E+00,.4386E+00
.9630E+03,.4932E+00,.3493E+00,.3493E+00,.4932E+00
.9640E+03,.4561E+00,.3228E+00,.3228E+00,.4561E+00
.9650E+03,.4898E+00,.3468E+00,.3468E+00,.4898E+00
.9660E+03,.4954E+00,.3508E+00,.3508E+00,.4954E+00
.9670E+03,.4955E+00,.3508E+00,.3508E+00,.4955E+00
.9680E+03,.6203E+00,.4401E+00,.4401E+00,.6203E+00
.9690E+03,.6494E+00,.4608E+00,.4608E+00,.6494E+00
.9700E+03,.6047E+00,.4288E+00,.4288E+00,.6047E+00
.9710E+03,.6731E+00,.4778E+00,.4778E+00,.6731E+00
.9720E+03,.6468E+00,.4589E+00,.4589E+00,.6468E+00
.9730E+03,.5824E+00,.4127E+00,.4127E+00,.5824E+00
.9740E+03,.5542E+00,.3925E+00,.3925E+00,.5542E+00
.9750E+03,.5683E+00,.4026E+00,.4026E+00,.5683E+00
.9760E+03,.5498E+00,.3893E+00,.3893E+00,.5498E+00
.9770E+03,.6084E+00,.4312E+00,.4312E+00,.6084E+00
.9780E+03,.5850E+00,.4144E+00,.4144E+00,.5850E+00
.9790E+03,.6071E+00,.4302E+00,.4302E+00,.6071E+00
.9800E+03,.5759E+00,.4079E+00,.4079E+00,.5759E+00
.9810E+03,.6684E+00,.4739E+00,.4739E+00,.6684E+00
.9820E+03,.6453E+00,.4573E+00,.4573E+00,.6453E+00
.9830E+03,.6233E+00,.4416E+00,.4416E+00,.6233E+00
.9840E+03,.6821E+00,.4836E+00,.4836E+00,.6821E+00
.9850E+03,.6427E+00,.4553E+00,.4553E+00,.6427E+00
.9860E+03,.6906E+00,.4897E+00,.4897E+00,.6906E+00
.9870E+03,.6809E+00,.4827E+00,.4827E+00,.6809E+00
.9880E+03,.6798E+00,.4818E+00,.4818E+00,.6798E+00
.9890E+03,.6860E+00,.4863E+00,.4863E+00,.6860E+00
.9900E+03,.6754E+00,.4786E+00,.4786E+00,.6754E+00
.9910E+03,.6886E+00,.4880E+00,.4880E+00,.6886E+00
.9920E+03,.6922E+00,.4905E+00,.4905E+00,.6922E+00
.9930E+03,.6809E+00,.4824E+00,.4824E+00,.6809E+00
.9940E+03,.6917E+00,.4901E+00,.4901E+00,.6917E+00
.9950E+03,.6903E+00,.4890E+00,.4890E+00,.6903E+00
.9960E+03,.6880E+00,.4874E+00,.4874E+00,.6880E+00
.9970E+03,.6887E+00,.4878E+00,.4878E+00,.6887E+00
.9980E+03,.6857E+00,.4857E+00,.4857E+00,.6857E+00
.9990E+03,.6832E+00,.4838E+00,.4838E+00,.6832E+00
.1000E+04,.6795E+00,.4811E+00,.4811E+00,.6795E+00
.1001E+04,.6869E+00,.4863E+00,.4863E+00,.6869E+00
.1002E+04,.6721E+00,.4757E+00,.4757E+00,.6721E+00
.1003E+04,.6752E+00,.4779E+00,.4779E+00,.6752E+00
.1004E+04,.6597E+00,.4669E+00,.4669E+00,.6597E+00
.1005E+04,.6342E+00,.4488E+00,.4488E+00,.6342E+00
.1006E+04,.6598E+00,.4669E+00,.4669E+00,.6598E+00
.1007E+04,.6734E+00,.4765E+00,.4765E+00,.6734E+00
.1008E+04,.6706E+00,.4744E+00,.4744E+00,.6706E+00
.1009E+04,.6679E+00,.4724E+00,.4724E+00,.6679E+00
.1010E+04,.6656E+00,.4707E+00,.4707E+00,.6656E+00
.1011E+04,.6702E+00,.4740E+00,.4740E+00,.6702E+00
.1012E+04,.6652E+00,.4704E+00,.4704E+00,.6652E+00
.1013E+04,.6684E+00,.4727E+00,.4727E+00,.6684E+00
.1014E+04,.6638E+00,.4693E+00,.4693E+00,.6638E+00
.1015E+04,.6596E+00,.4663E+00,.4663E+00,.6596E+00
.1016E+04,.6568E+00,.4643E+00,.4643E+00,.6568E+00
.1017E+04,.6587E+00,.4656E+00,.4656E+00,.6587E+00
.1018E+04,.6558E+00,.4635E+00,.4635E+00,.6558E+00
.1019E+04,.6434E+00,.4546E+00,.4546E+00,.6434E+00
.1020E+04,.6527E+00,.4612E+00,.4612E+00,.6527E+00
.1021E+04,.6516E+00,.4604E+00,.4604E+00,.6516E+00
.1022E+04,.6471E+00,.4572E+00,.4572E+00,.6471E+00
.1023E+04,.6542E+00,.4621E+00,.4621E+00,.6542E+00
.1024E+04,.6474E+00,.4572E+00,.4572E+00,.6474E+00
.1025E+04,.6533E+00,.4614E+00,.4614E+00,.6533E+00
.1026E+04,.6509E+00,.4597E+00,.4597E+00,.6509E+00
.1027E+04,.6494E+00,.4586E+00,.4586E+00,.6494E+00
.1028E+04,.6482E+00,.4577E+00,.4577E+00,.6482E+00
.1029E+04,.6408E+00,.4524E+00,.4524E+00,.6408E+00
.1030E+04,.6446E+00,.4550E+00,.4550E+00,.6446E+00
.1031E+04,.6424E+00,.4534E+00,.4534E+00,.6424E+00
.1032E+04,.6403E+00,.4519E+00,.4519E+00,.6403E+00
.1033E+04,.6308E+00,.4451E+00,.4451E+00,.6308E+00
.1034E+04,.6308E+00,.4451E+00,.4451E+00,.6308E+00
.1035E+04,.6327E+00,.4464E+00,.4464E+00,.6327E+00
.1036E+04,.6362E+00,.4489E+00,.4489E+00,.6362E+00
.1037E+04,.6255E+00,.4413E+00,.4413E+00,.6255E+00
.1038E+04,.6286E+00,.4434E+00,.4434E+00,.6286E+00
.1039E+04,.6284E+00,.4432E+00,.4432E+00,.6284E+00
.1040E+04,.6259E+00,.4414E+00,.4414E+00,.6259E+00
.1041E+04,.6286E+00,.4433E+00,.4433E+00,.6286E+00
.1042E+04,.6243E+00,.4402E+00,.4402E+00,.6243E+00
.1043E+04,.6225E+00,.4388E+00,.4388E+00,.6225E+00
.1044E+04,.6248E+00,.4404E+00,.4404E+00,.6248E+00
.1045E+04,.6164E+00,.4345E+00,.4345E+00,.6164E+00
.1046E+04,.6097E+00,.4297E+00,.4297E+00,.6097E+00
.1047E+04,.6153E+00,.4336E+00,.4336E+00,.6153E+00
.1048E+04,.6188E+00,.4361E+00,.4361E+00,.6188E+00
.1049E+04,.6162E+00,.4342E+00,.4342E+00,.6162E+00
.1050E+04,.6133E+00,.4321E+00,.4321E+00,.6133E+00
.1051E+04,.6131E+00,.4319E+00,.4319E+00,.6131E+00
.1052E+04,.6105E+00,.4300E+00,.4300E+00,.6105E+00
.1053E+04,.6059E+00,.4268E+00,.4268E+00,.6059E+00
.1054E+04,.6076E+00,.4279E+00,.4279E+00,.6076E+00
.1055E+04,.6082E+00,.4283E+00,.4283E+00,.6082E+00
.1056E+04,.6063E+00,.4269E+00,.4269E+00,.6063E+00
.1057E+04,.6046E+00,.4257E+00,.4257E+00,.6046E+00
.1058E+04,.5899E+00,.4153E+00,.4153E+00,.5899E+00
.1059E+04,.5908E+00,.4159E+00,.4159E+00,.5908E+00
.1060E+04,.5900E+00,.4152E+00,.4152E+00,.5900E+00
.1061E+04,.5894E+00,.4148E+00,.4148E+00,.5894E+00
.1062E+04,.5928E+00,.4171E+00,.4171E+00,.5928E+00
.1063E+04,.5871E+00,.4131E+00,.4131E+00,.5871E+00
.1064E+04,.5938E+00,.4178E+00,.4178E+00,.5938E+00
.1065E+04,.5903E+00,.4152E+00,.4152E+00,.5903E+00
.1066E+04,.5782E+00,.4067E+00,.4067E+00,.5782E+00
.1067E+04,.5860E+00,.4121E+00,.4121E+00,.5860E+00
.1068E+04,.5736E+00,.4034E+00,.4034E+00,.5736E+00
.1069E+04,.5559E+00,.3909E+00,.3909E+00,.5559E+00
.1070E+04,.5756E+00,.4047E+00,.4047E+00,.5756E+00
.1071E+04,.5830E+00,.4099E+00,.4099E+00,.5830E+00
.1072E+04,.5777E+00,.4061E+00,.4061E+00,.5777E+00
.1073E+04,.5691E+00,.4000E+00,.4000E+00,.5691E+00
.1074E+04,.5823E+00,.4094E+00,.4094E+00,.5823E+00
.1075E+04,.5577E+00,.3919E+00,.3919E+00,.5577E+00
.1076E+04,.5824E+00,.4094E+00,.4094E+00,.5824E+00
.1077E+04,.5746E+00,.4038E+00,.4038E+00,.5746E+00
.1078E+04,.5647E+00,.3968E+00,.3968E+00,.5647E+00
.1079E+04,.5728E+00,.4025E+00,.4025E+00,.5728E+00
.1080E+04,.5669E+00,.3983E+00,.3983E+00,.5669E+00
.1081E+04,.5501E+00,.3864E+00,.3864E+00,.5501E+00
.1082E+04,.5555E+00,.3902E+00,.3902E+00,.5555E+00
.1083E+04,.5563E+00,.3908E+00,.3908E+00,.5563E+00
.1084E+04,.5504E+00,.3864E+00,.3864E+00,.5504E+00
.1085E+04,.5677E+00,.3987E+00,.3987E+00,.5677E+00
.1086E+04,.5260E+00,.3692E+00,.3692E+00,.5260E+00
.1087E+04,.5366E+00,.3767E+00,.3767E+00,.5366E+00
.1088E+04,.5572E+00,.3912E+00,.3912E+00,.5572E+00
.1089E+04,.5440E+00,.3819E+00,.3819E+00,.5440E+00
.1090E+04,.5353E+00,.3756E+00,.3756E+00,.5353E+00
.1091E+04,.5569E+00,.3909E+00,.3909E+00,.5569E+00
.1092E+04,.5542E+00,.3890E+00,.3890E+00,.5542E+00
.1093E+04,.4834E+00,.3389E+00,.3389E+00,.4834E+00
.1094E+04,.5093E+00,.3574E+00,.3574E+00,.5093E+00
.1095E+04,.5014E+00,.3516E+00,.3516E+00,.5014E+00
.1096E+04,.4843E+00,.3395E+00,.3395E+00,.4843E+00
.1097E+04,.5416E+00,.3800E+00,.3800E+00,.5416E+00
.1098E+04,.4781E+00,.3350E+00,.3350E+00,.4781E+00
.1099E+04,.4966E+00,.3481E+00,.3481E+00,.4966E+00
.1100E+04,.4682E+00,.3279E+00,.3279E+00,.4682E+00
.1101E+04,.4721E+00,.3307E+00,.3307E+00,.4721E+00
.1102E+04,.4546E+00,.3183E+00,.3183E+00,.4546E+00
.1103E+04,.4529E+00,.3171E+00,.3171E+00,.4529E+00
.1104E+04,.4532E+00,.3173E+00,.3173E+00,.4532E+00
.1105E+04,.4876E+00,.3416E+00,.3416E+00,.4876E+00
.1106E+04,.3959E+00,.2768E+00,.2768E+00,.3959E+00
.1107E+04,.4671E+00,.3270E+00,.3270E+00,.4671E+00
.1108E+04,.4102E+00,.2869E+00,.2869E+00,.4102E+00
.1109E+04,.4112E+00,.2876E+00,.2876E+00,.4112E+00
.1110E+04,.4682E+00,.3278E+00,.3278E+00,.4682E+00
.1111E+04,.3347E+00,.2337E+00,.2337E+00,.3347E+00
.1112E+04,.4081E+00,.2854E+00,.2854E+00,.4081E+00
.1113E+04,.2783E+00,.1941E+00,.1941E+00,.2783E+00
.1114E+04,.3080E+00,.2149E+00,.2149E+00,.3080E+00
.1115E+04,.2562E+00,.1786E+00,.1786E+00,.2562E+00
.1116E+04,.2180E+00,.1518E+00,.1518E+00,.2180E+00
.1117E+04,.9676E-01,.6707E-01,.6707E-01,.9676E-01
.1118E+04,.2328E+00,.1621E+00,.1621E+00,.2328E+00
.1119E+04,.1279E+00,.8880E-01,.8880E-01,.1279E+00
.1120E+04,.1613E+00,.1120E+00,.1120E+00,.1613E+00
.1121E+04,.2058E+00,.1432E+00,.1432E+00,.2058E+00
.1122E+04,.9859E-01,.6836E-01,.6836E-01,.9859E-01
.1123E+04,.1458E+00,.1013E+00,.1013E+00,.1458E+00
.1124E+04,.1231E+00,.8549E-01,.8549E-01,.1231E+00
.1125E+04,.1577E+00,.1095E+00,.1095E+00,.1577E+00
.1126E+04,.6684E-01,.4625E-01,.4625E-01,.6684E-01
.1127E+04,.1766E+00,.1227E+00,.1227E+00,.1766E+00
.1128E+04,.1181E+00,.8186E-01,.8186E-01,.1181E+00
.1129E+04,.1229E+00,.8522E-01,.8522E-01,.1229E+00
.1130E+04,.8747E-01,.6055E-01,.6055E-01,.8747E-01
.1131E+04,.3063E+00,.2134E+00,.2134E+00,.3063E+00
.1132E+04,.2454E+00,.1708E+00,.1708E+00,.2454E+00
.1133E+04,.1701E+00,.1181E+00,.1181E+00,.1701E+00
.1134E+04,.5369E-01,.3710E-01,.3710E-01,.5369E-01
.1135E+04,.2020E-01,.1395E-01,.1395E-01,.2020E-01
.1136E+04,.1479E+00,.1026E+00,.1026E+00,.1479E+00
.1137E+04,.3045E+00,.2120E+00,.2120E+00,.3045E+00
.1138E+04,.2187E+00,.1521E+00,.1521E+00,.2187E+00
.1139E+04,.3008E+00,.2096E+00,.2096E+00,.3008E+00
.1140E+04,.2607E+00,.1815E+00,.1815E+00,.2607E+00
.1141E+04,.2090E+00,.1453E+00,.1453E+00,.2090E+00
.1142E+04,.2339E+00,.1627E+00,.1627E+00,.2339E+00
.1143E+04,.3200E+00,.2229E+00,.2229E+00,.3200E+00
.1144E+04,.1267E+00,.8790E-01,.8790E-01,.1267E+00
.1145E+04,.1644E+00,.1141E+00,.1141E+00,.1644E+00
.1146E+04,.1772E+00,.1229E+00,.1229E+00,.1772E+00
.1147E+04,.7512E-01,.5193E-01,.5193E-01,.7512E-01
.1148E+04,.2781E+00,.1935E+00,.1935E+00,.2781E+00
.1149E+04,.2303E+00,.1601E+00,.1601E+00,.2303E+00
.1150E+04,.1358E+00,.9420E-01,.9420E-01,.1358E+00
.1151E+04,.2170E+00,.1508E+00,.1508E+00,.2170E+00
.1152E+04,.2583E+00,.1797E+00,.1797E+00,.2583E+00
.1153E+04,.2443E+00,.1700E+00,.1700E+00,.2443E+00
.1154E+04,.1617E+00,.1121E+00,.1121E+00,.1617E+00
.1155E+04,.3131E+00,.2180E+00,.2180E+00,.3131E+00
.1156E+04,.2871E+00,.1998E+00,.1998E+00,.2871E+00
.1157E+04,.3148E+00,.2192E+00,.2192E+00,.3148E+00
.1158E+04,.3109E+00,.2165E+00,.2165E+00,.3109E+00
.1159E+04,.3289E+00,.2291E+00,.2291E+00,.3289E+00
.1160E+04,.2900E+00,.2018E+00,.2018E+00,.2900E+00
.1161E+04,.3463E+00,.2413E+00,.2413E+00,.3463E+00
.1162E+04,.3479E+00,.2424E+00,.2424E+00,.3479E+00
.1163E+04,.4414E+00,.3080E+00,.3080E+00,.4414E+00
.1164E+04,.3913E+00,.2728E+00,.2728E+00,.3913E+00
.1165E+04,.3735E+00,.2602E+00,.2602E+00,.3735E+00
.1166E+04,.3705E+00,.2582E+00,.2582E+00,.3705E+00
.1167E+04,.3970E+00,.2767E+00,.2767E+00,.3970E+00
.1168E+04,.3997E+00,.2786E+00,.2786E+00,.3997E+00
.1169E+04,.4059E+00,.2829E+00,.2829E+00,.4059E+00
.1170E+04,.4345E+00,.3030E+00,.3030E+00,.4345E+00
.1171E+04,.4249E+00,.2963E+00,.2963E+00,.4249E+00
.1172E+04,.4302E+00,.3000E+00,.3000E+00,.4302E+00
.1173E+04,.4337E+00,.3024E+00,.3024E+00,.4337E+00
.1174E+04,.3292E+00,.2291E+00,.2291E+00,.3292E+00
.1175E+04,.4211E+00,.2936E+00,.2936E+00,.4211E+00
.1176E+04,.4546E+00,.3171E+00,.3171E+00,.4546E+00
.1177E+04,.4415E+00,.3078E+00,.3078E+00,.4415E+00
.1178E+04,.3467E+00,.2414E+00,.2414E+00,.3467E+00
.1179E+04,.4573E+00,.3189E+00,.3189E+00,.4573E+00
.1180E+04,.4188E+00,.2919E+00,.2919E+00,.4188E+00
.1181E+04,.4305E+00,.3000E+00,.3000E+00,.4305E+00
.1182E+04,.3133E+00,.2180E+00,.2180E+00,.3133E+00
.1183E+04,.4217E+00,.2939E+00,.2939E+00,.4217E+00
.1184E+04,.4005E+00,.2790E+00,.2790E+00,.4005E+00
.1185E+04,.3912E+00,.2724E+00,.2724E+00,.3912E+00
.1186E+04,.4483E+00,.3125E+00,.3125E+00,.4483E+00
.1187E+04,.4318E+00,.3008E+00,.3008E+00,.4318E+00
.1188E+04,.3197E+00,.2224E+00,.2224E+00,.3197E+00
.1189E+04,.4040E+00,.2814E+00,.2814E+00,.4040E+00
.1190E+04,.4384E+00,.3055E+00,.3055E+00,.4384E+00
.1191E+04,.4239E+00,.2952E+00,.2952E+00,.4239E+00
.1192E+04,.4436E+00,.3090E+00,.3090E+00,.4436E+00
.1193E+04,.4281E+00,.2982E+00,.2982E+00,.4281E+00
.1194E+04,.4392E+00,.3059E+00,.3059E+00,.4392E+00
.1195E+04,.4208E+00,.2930E+00,.2930E+00,.4208E+00
.1196E+04,.4088E+00,.2846E+00,.2846E+00,.4088E+00
.1197E+04,.4363E+00,.3039E+00,.3039E+00,.4363E+00
.1198E+04,.4041E+00,.2814E+00,.2814E+00,.4041E+00
.1199E+04,.3563E+00,.2479E+00,.2479E+00,.3563E+00
.1200E+04,.4232E+00,.2947E+00,.2947E+00,.4232E+00
.1201E+04,.4125E+00,.2871E+00,.2871E+00,.4125E+00
.1202E+04,.4078E+00,.2838E+00,.2838E+00,.4078E+00
.1203E+04,.4022E+00,.2800E+00,.2800E+00,.4022E+00
.1204E+04,.3490E+00,.2427E+00,.2427E+00,.3490E+00
.1205E+04,.4064E+00,.2829E+00,.2829E+00,.4064E+00
.1206E+04,.4463E+00,.3108E+00,.3108E+00,.4463E+00
.1207E+04,.4022E+00,.2798E+00,.2798E+00,.4022E+00
.1208E+04,.3916E+00,.2725E+00,.2725E+00,.3916E+00
.1209E+04,.4017E+00,.2795E+00,.2795E+00,.4017E+00
.1210E+04,.4170E+00,.2902E+00,.2902E+00,.4170E+00
.1211E+04,.4025E+00,.2800E+00,.2800E+00,.4025E+00
.1212E+04,.4034E+00,.2806E+00,.2806E+00,.4034E+00
.1213E+04,.4371E+00,.3042E+00,.3042E+00,.4371E+00
.1214E+04,.4112E+00,.2860E+00,.2860E+00,.4112E+00
.1215E+04,.4049E+00,.2816E+00,.2816E+00,.4049E+00
.1216E+04,.4359E+00,.3033E+00,.3033E+00,.4359E+00
.1217E+04,.4269E+00,.2970E+00,.2970E+00,.4269E+00
.1218E+04,.4286E+00,.2982E+00,.2982E+00,.4286E+00
.1219E+04,.4185E+00,.2911E+00,.2911E+00,.4185E+00
.1220E+04,.4285E+00,.2981E+00,.2981E+00,.4285E+00
.1221E+04,.4337E+00,.3017E+00,.3017E+00,.4337E+00
.1222E+04,.4218E+00,.2934E+00,.2934E+00,.4218E+00
.1223E+04,.4187E+00,.2912E+00,.2912E+00,.4187E+00
.1224E+04,.4193E+00,.2916E+00,.2916E+00,.4193E+00
.1225E+04,.4316E+00,.3002E+00,.3002E+00,.4316E+00
.1226E+04,.4334E+00,.3015E+00,.3015E+00,.4334E+00
.1227E+04,.4063E+00,.2825E+00,.2825E+00,.4063E+00
.1228E+04,.4351E+00,.3027E+00,.3027E+00,.4351E+00
.1229E+04,.4345E+00,.3022E+00,.3022E+00,.4345E+00
.1230E+04,.4282E+00,.2977E+00,.2977E+00,.4282E+00
.1231E+04,.4365E+00,.3036E+00,.3036E+00,.4365E+00
.1232E+04,.4341E+00,.3019E+00,.3019E+00,.4341E+00
.1233E+04,.4241E+00,.2949E+00,.2949E+00,.4241E+00
.1234E+04,.4352E+00,.3026E+00,.3026E+00,.4352E+00
.1235E+04,.4332E+00,.3012E+00,.3012E+00,.4332E+00
.1236E+04,.4360E+00,.3031E+00,.3031E+00,.4360E+00
.1237E+04,.4318E+00,.3002E+00,.3002E+00,.4318E+00
.1238E+04,.4345E+00,.3021E+00,.3021E+00,.4345E+00
.1239E+04,.4290E+00,.2982E+00,.2982E+00,.4290E+00
.1240E+04,.4304E+00,.2992E+00,.2992E+00,.4304E+00
.1241E+04,.4296E+00,.2986E+00,.2986E+00,.4296E+00
.1242E+04,.4276E+00,.2972E+00,.2972E+00,.4276E+00
.1243E+04,.4241E+00,.2948E+00,.2948E+00,.4241E+00
.1244E+04,.4275E+00,.2971E+00,.2971E+00,.4275E+00
.1245E+04,.4291E+00,.2982E+00,.2982E+00,.4291E+00
.1246E+04,.4266E+00,.2964E+00,.2964E+00,.4266E+00
.1247E+04,.4252E+00,.2954E+00,.2954E+00,.4252E+00
.1248E+04,.4255E+00,.2956E+00,.2956E+00,.4255E+00
.1249E+04,.4263E+00,.2962E+00,.2962E+00,.4263E+00
.1250E+04,.4239E+00,.2945E+00,.2945E+00,.4239E+00
.1251E+04,.4188E+00,.2910E+00,.2910E+00,.4188E+00
.1252E+04,.4185E+00,.2907E+00,.2907E+00,.4185E+00
.1253E+04,.4161E+00,.2890E+00,.2890E+00,.4161E+00
.1254E+04,.4129E+00,.2867E+00,.2867E+00,.4129E+00
.1255E+04,.4185E+00,.2907E+00,.2907E+00,.4185E+00
.1256E+04,.4084E+00,.2836E+00,.2836E+00,.4084E+00
.1257E+04,.4065E+00,.2822E+00,.2822E+00,.4065E+00
.1258E+04,.4130E+00,.2868E+00,.2868E+00,.4130E+00
.1259E+04,.4004E+00,.2780E+00,.2780E+00,.4004E+00
.1260E+04,.4024E+00,.2793E+00,.2793E+00,.4024E+00
.1261E+04,.3831E+00,.2658E+00,.2658E+00,.3831E+00
.1262E+04,.3732E+00,.2589E+00,.2589E+00,.3732E+00
.1263E+04,.3742E+00,.2596E+00,.2596E+00,.3742E+00
.1264E+04,.3494E+00,.2422E+00,.2422E+00,.3494E+00
.1265E+04,.3716E+00,.2578E+00,.2578E+00,.3716E+00
.1266E+04,.3599E+00,.2495E+00,.2495E+00,.3599E+00
.1267E+04,.3650E+00,.2531E+00,.2531E+00,.3650E+00
.1268E+04,.3486E+00,.2416E+00,.2416E+00,.3486E+00
.1269E+04,.2337E+00,.1615E+00,.1615E+00,.2337E+00
.1270E+04,.3640E+00,.2524E+00,.2524E+00,.3640E+00
.1271E+04,.3819E+00,.2649E+00,.2649E+00,.3819E+00
.1272E+04,.3826E+00,.2654E+00,.2654E+00,.3826E+00
.1273E+04,.3789E+00,.2627E+00,.2627E+00,.3789E+00
.1274E+04,.3799E+00,.2634E+00,.2634E+00,.3799E+00
.1275E+04,.3843E+00,.2665E+00,.2665E+00,.3843E+00
.1276E+04,.3877E+00,.2688E+00,.2688E+00,.3877E+00
.1277E+04,.3903E+00,.2706E+00,.2706E+00,.3903E+00
.1278E+04,.3954E+00,.2742E+00,.2742E+00,.3954E+00
.1279E+04,.3927E+00,.2724E+00,.2724E+00,.3927E+00
.1280E+04,.3879E+00,.2690E+00,.2690E+00,.3879E+00
.1281E+04,.3695E+00,.2562E+00,.2562E+00,.3695E+00
.1282E+04,.3543E+00,.2458E+00,.2458E+00,.3543E+00
.1283E+04,.3820E+00,.2649E+00,.2649E+00,.3820E+00
.1284E+04,.3921E+00,.2719E+00,.2719E+00,.3921E+00
.1285E+04,.3941E+00,.2733E+00,.2733E+00,.3941E+00
.1286E+04,.3988E+00,.2765E+00,.2765E+00,.3988E+00
.1287E+04,.3946E+00,.2736E+00,.2736E+00,.3946E+00
.1288E+04,.3942E+00,.2733E+00,.2733E+00,.3942E+00
.1289E+04,.3849E+00,.2668E+00,.2668E+00,.3849E+00
.1290E+04,.3902E+00,.2706E+00,.2706E+00,.3902E+00
.1291E+04,.3947E+00,.2736E+00,.2736E+00,.3947E+00
.1292E+04,.3780E+00,.2620E+00,.2620E+00,.3780E+00
.1293E+04,.3898E+00,.2702E+00,.2702E+00,.3898E+00
.1294E+04,.3876E+00,.2686E+00,.2686E+00,.3876E+00
.1295E+04,.3864E+00,.2678E+00,.2678E+00,.3864E+00
.1296E+04,.3736E+00,.2589E+00,.2589E+00,.3736E+00
.1297E+04,.3575E+00,.2476E+00,.2476E+00,.3575E+00
.1298E+04,.3774E+00,.2615E+00,.2615E+00,.3774E+00
.1299E+04,.3895E+00,.2699E+00,.2699E+00,.3895E+00
.1300E+04,.3425E+00,.2371E+00,.2371E+00,.3425E+00
.1301E+04,.3519E+00,.2437E+00,.2437E+00,.3519E+00
.1302E+04,.3760E+00,.2605E+00,.2605E+00,.3760E+00
.1303E+04,.3382E+00,.2341E+00,.2341E+00,.3382E+00
.1304E+04,.2997E+00,.2073E+00,.2073E+00,.2997E+00
.1305E+04,.3701E+00,.2564E+00,.2564E+00,.3701E+00
.1306E+04,.3708E+00,.2568E+00,.2568E+00,.3708E+00
.1307E+04,.3044E+00,.2106E+00,.2106E+00,.3044E+00
.1308E+04,.3356E+00,.2323E+00,.2323E+00,.3356E+00
.1309E+04,.3683E+00,.2550E+00,.2550E+00,.3683E+00
.1310E+04,.2980E+00,.2061E+00,.2061E+00,.2980E+00
.1311E+04,.3255E+00,.2252E+00,.2252E+00,.3255E+00
.1312E+04,.3176E+00,.2197E+00,.2197E+00,.3176E+00
.1313E+04,.3149E+00,.2178E+00,.2178E+00,.3149E+00
.1314E+04,.2844E+00,.1967E+00,.1967E+00,.2844E+00
.1315E+04,.2856E+00,.1975E+00,.1975E+00,.2856E+00
.1316E+04,.3219E+00,.2227E+00,.2227E+00,.3219E+00
.1317E+04,.3063E+00,.2119E+00,.2119E+00,.3063E+00
.1318E+04,.3272E+00,.2264E+00,.2264E+00,.3272E+00
.1319E+04,.2725E+00,.1883E+00,.1883E+00,.2725E+00
.1320E+04,.2590E+00,.1790E+00,.1790E+00,.2590E+00
.1321E+04,.2969E+00,.2053E+00,.2053E+00,.2969E+00
.1322E+04,.3031E+00,.2095E+00,.2095E+00,.3031E+00
.1323E+04,.2399E+00,.1657E+00,.1657E+00,.2399E+00
.1324E+04,.2680E+00,.1851E+00,.1851E+00,.2680E+00
.1325E+04,.3184E+00,.2202E+00,.2202E+00,.3184E+00
.1326E+04,.2823E+00,.1951E+00,.1951E+00,.2823E+00
.1327E+04,.2712E+00,.1874E+00,.1874E+00,.2712E+00
.1328E+04,.2368E+00,.1635E+00,.1635E+00,.2368E+00
.1329E+04,.1891E+00,.1305E+00,.1305E+00,.1891E+00
.1330E+04,.2403E+00,.1659E+00,.1659E+00,.2403E+00
.1331E+04,.1591E+00,.1096E+00,.1096E+00,.1591E+00
.1332E+04,.1595E+00,.1099E+00,.1099E+00,.1595E+00
.1333E+04,.2177E+00,.1501E+00,.1501E+00,.2177E+00
.1334E+04,.1796E+00,.1239E+00,.1239E+00,.1796E+00
.1335E+04,.2392E+00,.1651E+00,.1651E+00,.2392E+00
.1336E+04,.1963E+00,.1354E+00,.1354E+00,.1963E+00
.1337E+04,.1773E+00,.1222E+00,.1222E+00,.1773E+00
.1338E+04,.1909E+00,.1316E+00,.1316E+00,.1909E+00
.1339E+04,.1887E+00,.1301E+00,.1301E+00,.1887E+00
.1340E+04,.1802E+00,.1242E+00,.1242E+00,.1802E+00
.1341E+04,.1835E+00,.1265E+00,.1265E+00,.1835E+00
.1342E+04,.1959E+00,.1350E+00,.1350E+00,.1959E+00
.1343E+04,.1473E+00,.1013E+00,.1013E+00,.1473E+00
.1344E+04,.8896E-01,.6114E-01,.6114E-01,.8896E-01
.1345E+04,.1249E+00,.8590E-01,.8590E-01,.1249E+00
.1346E+04,.7491E-01,.5138E-01,.5138E-01,.7491E-01
.1347E+04,.7825E-01,.5366E-01,.5366E-01,.7825E-01
.1348E+04,.8412E-02,.5734E-02,.5734E-02,.8412E-02
.1349E+04,.2577E-01,.1760E-01,.1760E-01,.2577E-01
.1350E+04,.2438E-01,.1667E-01,.1667E-01,.2438E-01
.1351E+04,.9085E-02,.6184E-02,.6184E-02,.9085E-02
.1352E+04,.3780E-02,.2565E-02,.2565E-02,.3780E-02
.1353E+04,.3397E-03,.2297E-03,.2297E-03,.3397E-03
.1354E+04,.8443E-03,.5719E-03,.5719E-03,.8443E-03
.1355E+04,.1958E-04,.1319E-04,.1319E-04,.1958E-04
.1356E+04,.1816E-03,.1227E-03,.1227E-03,.1816E-03
.1357E+04,.2648E-03,.1790E-03,.1790E-03,.2648E-03
.1358E+04,.2253E-04,.1518E-04,.1518E-04,.2253E-04
.1359E+04,.5975E-05,.4015E-05,.4015E-05,.5975E-05
.1360E+04,.1356E-04,.9126E-05,.9126E-05,.1356E-04
.1361E+04,.7943E-07,.5321E-07,.5321E-07,.7943E-07
.1362E+04,.4817E-09,.3222E-09,.3222E-09,.4817E-09
.1363E+04,.2078E-04,.1398E-04,.1398E-04,.2078E-04
.1364E+04,.9633E-05,.6477E-05,.6477E-05,.9633E-05
.1365E+04,.4279E-09,.2859E-09,.2859E-09,.4279E-09
.1366E+04,.7618E-04,.5130E-04,.5130E-04,.7618E-04
.1367E+04,.2942E-04,.1981E-04,.1981E-04,.2942E-04
.1368E+04,.1792E-10,.1195E-10,.1195E-10,.1792E-10
.1369E+04,.4170E-05,.2803E-05,.2803E-05,.4170E-05
.1370E+04,.2724E-05,.1829E-05,.1829E-05,.2724E-05
.1371E+04,.2430E-06,.1630E-06,.1630E-06,.2430E-06
.1372E+04,.1706E-04,.1149E-04,.1149E-04,.1706E-04
.1373E+04,.1855E-03,.1252E-03,.1252E-03,.1855E-03
.1374E+04,.5971E-03,.4038E-03,.4038E-03,.5971E-03
.1375E+04,.1062E-02,.7187E-03,.7187E-03,.1062E-02
.1376E+04,.7691E-03,.5208E-03,.5208E-03,.7691E-03
.1377E+04,.3914E-03,.2649E-03,.2649E-03,.3914E-03
.1378E+04,.2919E-02,.1979E-02,.1979E-02,.2919E-02
.1379E+04,.1687E-03,.1141E-03,.1141E-03,.1687E-03
.1380E+04,.2849E-03,.1926E-03,.1926E-03,.2849E-03
.1381E+04,.1025E-04,.6915E-05,.6915E-05,.1025E-04
.1382E+04,.1619E-04,.1090E-04,.1090E-04,.1619E-04
.1383E+04,.3483E-06,.2340E-06,.2340E-06,.3483E-06
.1384E+04,.5103E-05,.3428E-05,.3428E-05,.5103E-05
.1385E+04,.1062E-04,.7158E-05,.7158E-05,.1062E-04
.1386E+04,.1723E-04,.1159E-04,.1159E-04,.1723E-04
.1387E+04,.6634E-03,.4481E-03,.4481E-03,.6634E-03
.1388E+04,.1683E-04,.1136E-04,.1136E-04,.1683E-04
.1389E+04,.1708E-02,.1156E-02,.1156E-02,.1708E-02
.1390E+04,.1462E-02,.9900E-03,.9900E-03,.1462E-02
.1391E+04,.1071E-02,.7242E-03,.7242E-03,.1071E-02
.1392E+04,.8975E-04,.6063E-04,.6063E-04,.8975E-04
.1393E+04,.3772E-03,.2551E-03,.2551E-03,.3772E-03
.1394E+04,.3148E-03,.2124E-03,.2124E-03,.3148E-03
.1395E+04,.3954E-05,.2661E-05,.2661E-05,.3954E-05
.1396E+04,.9467E-07,.6343E-07,.6343E-07,.9467E-07
.1397E+04,.1808E-03,.1222E-03,.1222E-03,.1808E-03
.1398E+04,.3238E-02,.2194E-02,.2194E-02,.3238E-02
.1399E+04,.2142E-02,.1451E-02,.1451E-02,.2142E-02
.1400E+04,.6247E-07,.4182E-07,.4182E-07,.6247E-07
.1401E+04,.1435E-06,.9620E-07,.9620E-07,.1435E-06
.1402E+04,.3886E-02,.2640E-02,.2640E-02,.3886E-02
.1403E+04,.5185E-02,.3521E-02,.3521E-02,.5185E-02
.1404E+04,.1653E-02,.1122E-02,.1122E-02,.1653E-02
.1405E+04,.2854E-05,.1919E-05,.1919E-05,.2854E-05
.1406E+04,.4588E-02,.3112E-02,.3112E-02,.4588E-02
.1407E+04,.4295E-03,.2912E-03,.2912E-03,.4295E-03
.1408E+04,.3852E-02,.2613E-02,.2613E-02,.3852E-02
.1409E+04,.1658E-02,.1123E-02,.1123E-02,.1658E-02
.1410E+04,.1231E-02,.8337E-03,.8337E-03,.1231E-02
.1411E+04,.4516E-02,.3066E-02,.3066E-02,.4516E-02
.1412E+04,.5351E-02,.3636E-02,.3636E-02,.5351E-02
.1413E+04,.3412E-01,.2328E-01,.2328E-01,.3412E-01
.1414E+04,.9385E-03,.6359E-03,.6359E-03,.9385E-03
.1415E+04,.5198E-03,.3519E-03,.3519E-03,.5198E-03
.1416E+04,.4805E-01,.3285E-01,.3285E-01,.4805E-01
.1417E+04,.1847E-01,.1259E-01,.1259E-01,.1847E-01
.1418E+04,.2167E-01,.1477E-01,.1477E-01,.2167E-01
.1419E+04,.3676E-02,.2503E-02,.2503E-02,.3676E-02
.1420E+04,.1361E-01,.9273E-02,.9273E-02,.1361E-01
.1421E+04,.1468E-01,.1000E-01,.1000E-01,.1468E-01
.1422E+04,.6174E-01,.4223E-01,.4223E-01,.6174E-01
.1423E+04,.1328E-01,.9062E-02,.9062E-02,.1328E-01
.1424E+04,.2398E-01,.1638E-01,.1638E-01,.2398E-01
.1425E+04,.3618E-01,.2471E-01,.2471E-01,.3618E-01
.1426E+04,.3776E-01,.2581E-01,.2581E-01,.3776E-01
.1427E+04,.6189E-01,.4238E-01,.4238E-01,.6189E-01
.1428E+04,.8199E-02,.5577E-02,.5577E-02,.8199E-02
.1429E+04,.4879E-01,.3338E-01,.3338E-01,.4879E-01
.1430E+04,.7591E-01,.5200E-01,.5200E-01,.7591E-01
.1431E+04,.5890E-01,.4030E-01,.4030E-01,.5890E-01
.1432E+04,.4521E-02,.3071E-02,.3071E-02,.4521E-02
.1433E+04,.4339E-01,.2967E-01,.2967E-01,.4339E-01
.1434E+04,.2735E-01,.1870E-01,.1870E-01,.2735E-01
.1435E+04,.3064E-01,.2090E-01,.2090E-01,.3064E-01
.1436E+04,.5045E-01,.3448E-01,.3448E-01,.5045E-01
.1437E+04,.3853E-01,.2632E-01,.2632E-01,.3853E-01
.1438E+04,.1927E-01,.1314E-01,.1314E-01,.1927E-01
.1439E+04,.6258E-01,.4279E-01,.4279E-01,.6258E-01
.1440E+04,.4980E-01,.3405E-01,.3405E-01,.4980E-01
.1441E+04,.4347E-01,.2969E-01,.2969E-01,.4347E-01
.1442E+04,.4845E-01,.3311E-01,.3311E-01,.4845E-01
.1443E+04,.5666E-01,.3877E-01,.3877E-01,.5666E-01
.1444E+04,.7480E-01,.5120E-01,.5120E-01,.7480E-01
.1445E+04,.6417E-01,.4389E-01,.4389E-01,.6417E-01
.1446E+04,.3088E-01,.2110E-01,.2110E-01,.3088E-01
.1447E+04,.4861E-01,.3322E-01,.3322E-01,.4861E-01
.1448E+04,.1307E+00,.8968E-01,.8968E-01,.1307E+00
.1449E+04,.1187E+00,.8138E-01,.8138E-01,.1187E+00
.1450E+04,.3692E-01,.2522E-01,.2522E-01,.3692E-01
.1451E+04,.1643E-01,.1121E-01,.1121E-01,.1643E-01
.1452E+04,.7679E-01,.5258E-01,.5258E-01,.7679E-01
.1453E+04,.9783E-01,.6702E-01,.6702E-01,.9783E-01
.1454E+04,.1516E+00,.1040E+00,.1040E+00,.1516E+00
.1455E+04,.7800E-01,.5343E-01,.5343E-01,.7800E-01
.1456E+04,.1067E+00,.7307E-01,.7307E-01,.1067E+00
.1457E+04,.1332E+00,.9137E-01,.9137E-01,.1332E+00
.1458E+04,.1486E+00,.1020E+00,.1020E+00,.1486E+00
.1459E+04,.1767E+00,.1213E+00,.1213E+00,.1767E+00
.1460E+04,.9777E-01,.6702E-01,.6702E-01,.9777E-01
.1461E+04,.1054E+00,.7219E-01,.7219E-01,.1054E+00
.1462E+04,.1463E+00,.1003E+00,.1003E+00,.1463E+00
.1463E+04,.5348E-01,.3659E-01,.3659E-01,.5348E-01
.1464E+04,.1665E+00,.1143E+00,.1143E+00,.1665E+00
.1465E+04,.1021E+00,.7003E-01,.7003E-01,.1021E+00
.1466E+04,.8024E-01,.5492E-01,.5492E-01,.8024E-01
.1467E+04,.4742E-01,.3240E-01,.3240E-01,.4742E-01
.1468E+04,.9211E-01,.6308E-01,.6308E-01,.9211E-01
.1469E+04,.1097E+00,.7513E-01,.7513E-01,.1097E+00
.1470E+04,.6323E-01,.4323E-01,.4323E-01,.6323E-01
.1471E+04,.2483E-01,.1695E-01,.1695E-01,.2483E-01
.1472E+04,.5992E-01,.4096E-01,.4096E-01,.5992E-01
.1473E+04,.8290E-01,.5674E-01,.5674E-01,.8290E-01
.1474E+04,.1108E+00,.7598E-01,.7598E-01,.1108E+00
.1475E+04,.1949E+00,.1338E+00,.1338E+00,.1949E+00
.1476E+04,.8056E-01,.5516E-01,.5516E-01,.8056E-01
.1477E+04,.8289E-01,.5674E-01,.5674E-01,.8289E-01
.1478E+04,.7348E-01,.5032E-01,.5032E-01,.7348E-01
.1479E+04,.1328E+00,.9107E-01,.9107E-01,.1328E+00
.1480E+04,.7204E-01,.4930E-01,.4930E-01,.7204E-01
.1481E+04,.1288E+00,.8832E-01,.8832E-01,.1288E+00
.1482E+04,.6779E-01,.4640E-01,.4640E-01,.6779E-01
.1483E+04,.1625E+00,.1115E+00,.1115E+00,.1625E+00
.1484E+04,.1484E+00,.1018E+00,.1018E+00,.1484E+00
.1485E+04,.1363E+00,.9348E-01,.9348E-01,.1363E+00
.1486E+04,.1358E+00,.9307E-01,.9307E-01,.1358E+00
.1487E+04,.7012E-01,.4797E-01,.4797E-01,.7012E-01
.1488E+04,.1096E+00,.7510E-01,.7510E-01,.1096E+00
.1489E+04,.2005E+00,.1376E+00,.1376E+00,.2005E+00
.1490E+04,.1822E+00,.1250E+00,.1250E+00,.1822E+00
.1491E+04,.2008E+00,.1379E+00,.1379E+00,.2008E+00
.1492E+04,.1764E+00,.1210E+00,.1210E+00,.1764E+00
.1493E+04,.1906E+00,.1308E+00,.1308E+00,.1906E+00
.1494E+04,.2080E+00,.1428E+00,.1428E+00,.2080E+00
.1495E+04,.1870E+00,.1284E+00,.1284E+00,.1870E+00
.1496E+04,.1767E+00,.1212E+00,.1212E+00,.1767E+00
.1497E+04,.2265E+00,.1556E+00,.1556E+00,.2265E+00
.1498E+04,.1956E+00,.1343E+00,.1343E+00,.1956E+00
.1499E+04,.2236E+00,.1536E+00,.1536E+00,.2236E+00
.1500E+04,.2479E+00,.1703E+00,.1703E+00,.2479E+00
.1501E+04,.2591E+00,.1781E+00,.1781E+00,.2591E+00
.1502E+04,.2233E+00,.1534E+00,.1534E+00,.2233E+00
.1503E+04,.1963E+00,.1348E+00,.1348E+00,.1963E+00
.1504E+04,.1620E+00,.1112E+00,.1112E+00,.1620E+00
.1505E+04,.1886E+00,.1295E+00,.1295E+00,.1886E+00
.1506E+04,.2557E+00,.1757E+00,.1757E+00,.2557E+00
.1507E+04,.2490E+00,.1711E+00,.1711E+00,.2490E+00
.1508E+04,.2386E+00,.1639E+00,.1639E+00,.2386E+00
.1509E+04,.1927E+00,.1322E+00,.1322E+00,.1927E+00
.1510E+04,.2644E+00,.1817E+00,.1817E+00,.2644E+00
.1511E+04,.2583E+00,.1775E+00,.1775E+00,.2583E+00
.1512E+04,.2540E+00,.1745E+00,.1745E+00,.2540E+00
.1513E+04,.2393E+00,.1643E+00,.1643E+00,.2393E+00
.1514E+04,.2269E+00,.1558E+00,.1558E+00,.2269E+00
.1515E+04,.2597E+00,.1784E+00,.1784E+00,.2597E+00
.1516E+04,.2503E+00,.1720E+00,.1720E+00,.2503E+00
.1517E+04,.2474E+00,.1700E+00,.1700E+00,.2474E+00
.1518E+04,.2463E+00,.1691E+00,.1691E+00,.2463E+00
.1519E+04,.2427E+00,.1667E+00,.1667E+00,.2427E+00
.1520E+04,.2565E+00,.1762E+00,.1762E+00,.2565E+00
.1521E+04,.2671E+00,.1835E+00,.1835E+00,.2671E+00
.1522E+04,.2579E+00,.1772E+00,.1772E+00,.2579E+00
.1523E+04,.2706E+00,.1859E+00,.1859E+00,.2706E+00
.1524E+04,.2648E+00,.1819E+00,.1819E+00,.2648E+00
.1525E+04,.2562E+00,.1760E+00,.1760E+00,.2562E+00
.1526E+04,.2594E+00,.1782E+00,.1782E+00,.2594E+00
.1527E+04,.2572E+00,.1767E+00,.1767E+00,.2572E+00
.1528E+04,.2695E+00,.1851E+00,.1851E+00,.2695E+00
.1529E+04,.2580E+00,.1772E+00,.1772E+00,.2580E+00
.1530E+04,.2538E+00,.1743E+00,.1743E+00,.2538E+00
.1531E+04,.2607E+00,.1791E+00,.1791E+00,.2607E+00
.1532E+04,.2666E+00,.1832E+00,.1832E+00,.2666E+00
.1533E+04,.2644E+00,.1816E+00,.1816E+00,.2644E+00
.1534E+04,.2592E+00,.1780E+00,.1780E+00,.2592E+00
.1535E+04,.2589E+00,.1778E+00,.1778E+00,.2589E+00
.1536E+04,.2641E+00,.1814E+00,.1814E+00,.2641E+00
.1537E+04,.2609E+00,.1792E+00,.1792E+00,.2609E+00
.1538E+04,.2631E+00,.1807E+00,.1807E+00,.2631E+00
.1539E+04,.2581E+00,.1772E+00,.1772E+00,.2581E+00
.1540E+04,.2562E+00,.1760E+00,.1760E+00,.2562E+00
.1541E+04,.2592E+00,.1780E+00,.1780E+00,.2592E+00
.1542E+04,.2587E+00,.1776E+00,.1776E+00,.2587E+00
.1543E+04,.2627E+00,.1804E+00,.1804E+00,.2627E+00
.1544E+04,.2620E+00,.1799E+00,.1799E+00,.2620E+00
.1545E+04,.2658E+00,.1825E+00,.1825E+00,.2658E+00
.1546E+04,.2627E+00,.1804E+00,.1804E+00,.2627E+00
.1547E+04,.2586E+00,.1776E+00,.1776E+00,.2586E+00
.1548E+04,.2586E+00,.1776E+00,.1776E+00,.2586E+00
.1549E+04,.2605E+00,.1789E+00,.1789E+00,.2605E+00
.1550E+04,.2589E+00,.1778E+00,.1778E+00,.2589E+00
.1551E+04,.2611E+00,.1792E+00,.1792E+00,.2611E+00
.1552E+04,.2600E+00,.1785E+00,.1785E+00,.2600E+00
.1553E+04,.2573E+00,.1766E+00,.1766E+00,.2573E+00
.1554E+04,.2554E+00,.1753E+00,.1753E+00,.2554E+00
.1555E+04,.2558E+00,.1756E+00,.1756E+00,.2558E+00
.1556E+04,.2558E+00,.1756E+00,.1756E+00,.2558E+00
.1557E+04,.2587E+00,.1776E+00,.1776E+00,.2587E+00
.1558E+04,.2573E+00,.1766E+00,.1766E+00,.2573E+00
.1559E+04,.2557E+00,.1755E+00,.1755E+00,.2557E+00
.1560E+04,.2575E+00,.1768E+00,.1768E+00,.2575E+00
.1561E+04,.2593E+00,.1780E+00,.1780E+00,.2593E+00
.1562E+04,.2565E+00,.1760E+00,.1760E+00,.2565E+00
.1563E+04,.2542E+00,.1745E+00,.1745E+00,.2542E+00
.1564E+04,.2555E+00,.1753E+00,.1753E+00,.2555E+00
.1565E+04,.2555E+00,.1753E+00,.1753E+00,.2555E+00
.1566E+04,.2522E+00,.1730E+00,.1730E+00,.2522E+00
.1567E+04,.2517E+00,.1728E+00,.1728E+00,.2517E+00
.1568E+04,.2468E+00,.1694E+00,.1694E+00,.2468E+00
.1569E+04,.2418E+00,.1659E+00,.1659E+00,.2418E+00
.1570E+04,.2327E+00,.1596E+00,.1596E+00,.2327E+00
.1571E+04,.2219E+00,.1521E+00,.1521E+00,.2219E+00
.1572E+04,.2228E+00,.1528E+00,.1528E+00,.2228E+00
.1573E+04,.2212E+00,.1517E+00,.1517E+00,.2212E+00
.1574E+04,.2225E+00,.1526E+00,.1526E+00,.2225E+00
.1575E+04,.2330E+00,.1598E+00,.1598E+00,.2330E+00
.1576E+04,.2256E+00,.1547E+00,.1547E+00,.2256E+00
.1577E+04,.2111E+00,.1447E+00,.1447E+00,.2111E+00
.1578E+04,.2230E+00,.1529E+00,.1529E+00,.2230E+00
.1579E+04,.2243E+00,.1538E+00,.1538E+00,.2243E+00
.1580E+04,.2314E+00,.1587E+00,.1587E+00,.2314E+00
.1581E+04,.2311E+00,.1584E+00,.1584E+00,.2311E+00
.1582E+04,.2292E+00,.1572E+00,.1572E+00,.2292E+00
.1583E+04,.2335E+00,.1601E+00,.1601E+00,.2335E+00
.1584E+04,.2390E+00,.1639E+00,.1639E+00,.2390E+00
.1585E+04,.2433E+00,.1669E+00,.1669E+00,.2433E+00
.1586E+04,.2422E+00,.1661E+00,.1661E+00,.2422E+00
.1587E+04,.2387E+00,.1637E+00,.1637E+00,.2387E+00
.1588E+04,.2316E+00,.1588E+00,.1588E+00,.2316E+00
.1589E+04,.2244E+00,.1539E+00,.1539E+00,.2244E+00
.1590E+04,.2298E+00,.1576E+00,.1576E+00,.2298E+00
.1591E+04,.2354E+00,.1614E+00,.1614E+00,.2354E+00
.1592E+04,.2429E+00,.1666E+00,.1666E+00,.2429E+00
.1593E+04,.2461E+00,.1688E+00,.1688E+00,.2461E+00
.1594E+04,.2461E+00,.1688E+00,.1688E+00,.2461E+00
.1595E+04,.2426E+00,.1663E+00,.1663E+00,.2426E+00
.1596E+04,.2354E+00,.1614E+00,.1614E+00,.2354E+00
.1597E+04,.2413E+00,.1655E+00,.1655E+00,.2413E+00
.1598E+04,.2417E+00,.1657E+00,.1657E+00,.2417E+00
.1599E+04,.2328E+00,.1596E+00,.1596E+00,.2328E+00
.1600E+04,.2238E+00,.1534E+00,.1534E+00,.2238E+00
.1601E+04,.2133E+00,.1462E+00,.1462E+00,.2133E+00
.1602E+04,.2124E+00,.1456E+00,.1456E+00,.2124E+00
.1603E+04,.2124E+00,.1455E+00,.1455E+00,.2124E+00
.1604E+04,.2145E+00,.1470E+00,.1470E+00,.2145E+00
.1605E+04,.2259E+00,.1548E+00,.1548E+00,.2259E+00
.1606E+04,.2277E+00,.1561E+00,.1561E+00,.2277E+00
.1607E+04,.2229E+00,.1527E+00,.1527E+00,.2229E+00
.1608E+04,.2165E+00,.1483E+00,.1483E+00,.2165E+00
.1609E+04,.2084E+00,.1428E+00,.1428E+00,.2084E+00
.1610E+04,.2089E+00,.1431E+00,.1431E+00,.2089E+00
.1611E+04,.2150E+00,.1473E+00,.1473E+00,.2150E+00
.1612E+04,.2203E+00,.1510E+00,.1510E+00,.2203E+00
.1613E+04,.2241E+00,.1535E+00,.1535E+00,.2241E+00
.1614E+04,.2270E+00,.1556E+00,.1556E+00,.2270E+00
.1615E+04,.2234E+00,.1531E+00,.1531E+00,.2234E+00
.1616E+04,.2214E+00,.1517E+00,.1517E+00,.2214E+00
.1617E+04,.2269E+00,.1555E+00,.1555E+00,.2269E+00
.1618E+04,.2309E+00,.1582E+00,.1582E+00,.2309E+00
.1619E+04,.2277E+00,.1560E+00,.1560E+00,.2277E+00
.1620E+04,.2227E+00,.1526E+00,.1526E+00,.2227E+00
.1621E+04,.2258E+00,.1547E+00,.1547E+00,.2258E+00
.1622E+04,.2294E+00,.1572E+00,.1572E+00,.2294E+00
.1623E+04,.2329E+00,.1596E+00,.1596E+00,.2329E+00
.1624E+04,.2304E+00,.1579E+00,.1579E+00,.2304E+00
.1625E+04,.2298E+00,.1574E+00,.1574E+00,.2298E+00
.1626E+04,.2302E+00,.1577E+00,.1577E+00,.2302E+00
.1627E+04,.2318E+00,.1588E+00,.1588E+00,.2318E+00
.1628E+04,.2312E+00,.1584E+00,.1584E+00,.2312E+00
.1629E+04,.2290E+00,.1569E+00,.1569E+00,.2290E+00
.1630E+04,.2278E+00,.1560E+00,.1560E+00,.2278E+00
.1631E+04,.2268E+00,.1553E+00,.1553E+00,.2268E+00
.1632E+04,.2265E+00,.1552E+00,.1552E+00,.2265E+00
.1633E+04,.2200E+00,.1507E+00,.1507E+00,.2200E+00
.1634E+04,.2243E+00,.1537E+00,.1537E+00,.2243E+00
.1635E+04,.2219E+00,.1520E+00,.1520E+00,.2219E+00
.1636E+04,.2194E+00,.1503E+00,.1503E+00,.2194E+00
.1637E+04,.2166E+00,.1484E+00,.1484E+00,.2166E+00
.1638E+04,.2045E+00,.1400E+00,.1400E+00,.2045E+00
.1639E+04,.2112E+00,.1446E+00,.1446E+00,.2112E+00
.1640E+04,.2026E+00,.1387E+00,.1387E+00,.2026E+00
.1641E+04,.2076E+00,.1422E+00,.1422E+00,.2076E+00
.1642E+04,.2113E+00,.1447E+00,.1447E+00,.2113E+00
.1643E+04,.2013E+00,.1378E+00,.1378E+00,.2013E+00
.1644E+04,.2116E+00,.1449E+00,.1449E+00,.2116E+00
.1645E+04,.2084E+00,.1427E+00,.1427E+00,.2084E+00
.1646E+04,.2057E+00,.1408E+00,.1408E+00,.2057E+00
.1647E+04,.2162E+00,.1480E+00,.1480E+00,.2162E+00
.1648E+04,.2029E+00,.1389E+00,.1389E+00,.2029E+00
.1649E+04,.2101E+00,.1439E+00,.1439E+00,.2101E+00
.1650E+04,.2127E+00,.1456E+00,.1456E+00,.2127E+00
.1651E+04,.1990E+00,.1362E+00,.1362E+00,.1990E+00
.1652E+04,.2128E+00,.1457E+00,.1457E+00,.2128E+00
.1653E+04,.2142E+00,.1467E+00,.1467E+00,.2142E+00
.1654E+04,.2045E+00,.1400E+00,.1400E+00,.2045E+00
.1655E+04,.2148E+00,.1470E+00,.1470E+00,.2148E+00
.1656E+04,.2122E+00,.1453E+00,.1453E+00,.2122E+00
.1657E+04,.2136E+00,.1462E+00,.1462E+00,.2136E+00
.1658E+04,.2158E+00,.1477E+00,.1477E+00,.2158E+00
.1659E+04,.2142E+00,.1466E+00,.1466E+00,.2142E+00
.1660E+04,.2162E+00,.1480E+00,.1480E+00,.2162E+00
.1661E+04,.2159E+00,.1478E+00,.1478E+00,.2159E+00
.1662E+04,.2108E+00,.1443E+00,.1443E+00,.2108E+00
.1663E+04,.2140E+00,.1465E+00,.1465E+00,.2140E+00
.1664E+04,.2126E+00,.1455E+00,.1455E+00,.2126E+00
.1665E+04,.2015E+00,.1379E+00,.1379E+00,.2015E+00
.1666E+04,.1689E+00,.1155E+00,.1155E+00,.1689E+00
.1667E+04,.1997E+00,.1367E+00,.1367E+00,.1997E+00
.1668E+04,.2060E+00,.1410E+00,.1410E+00,.2060E+00
.1669E+04,.2087E+00,.1428E+00,.1428E+00,.2087E+00
.1670E+04,.2113E+00,.1446E+00,.1446E+00,.2113E+00
.1671E+04,.2056E+00,.1407E+00,.1407E+00,.2056E+00
.1672E+04,.2030E+00,.1389E+00,.1389E+00,.2030E+00
.1673E+04,.2075E+00,.1420E+00,.1420E+00,.2075E+00
.1674E+04,.2037E+00,.1394E+00,.1394E+00,.2037E+00
.1675E+04,.2005E+00,.1372E+00,.1372E+00,.2005E+00
.1676E+04,.2022E+00,.1384E+00,.1384E+00,.2022E+00
.1677E+04,.2020E+00,.1382E+00,.1382E+00,.2020E+00
.1678E+04,.1970E+00,.1348E+00,.1348E+00,.1970E+00
.1679E+04,.1996E+00,.1366E+00,.1366E+00,.1996E+00
.1680E+04,.1918E+00,.1313E+00,.1313E+00,.1918E+00
.1681E+04,.1861E+00,.1273E+00,.1273E+00,.1861E+00
.1682E+04,.1958E+00,.1340E+00,.1340E+00,.1958E+00
.1683E+04,.2002E+00,.1370E+00,.1370E+00,.2002E+00
.1684E+04,.1893E+00,.1295E+00,.1295E+00,.1893E+00
.1685E+04,.2024E+00,.1385E+00,.1385E+00,.2024E+00
.1686E+04,.2020E+00,.1382E+00,.1382E+00,.2020E+00
.1687E+04,.1958E+00,.1340E+00,.1340E+00,.1958E+00
.1688E+04,.2009E+00,.1374E+00,.1374E+00,.2009E+00
.1689E+04,.1990E+00,.1361E+00,.1361E+00,.1990E+00
.1690E+04,.1993E+00,.1363E+00,.1363E+00,.1993E+00
.1691E+04,.1866E+00,.1276E+00,.1276E+00,.1866E+00
.1692E+04,.1991E+00,.1362E+00,.1362E+00,.1991E+00
.1693E+04,.2030E+00,.1388E+00,.1388E+00,.2030E+00
.1694E+04,.1969E+00,.1347E+00,.1347E+00,.1969E+00
.1695E+04,.2009E+00,.1374E+00,.1374E+00,.2009E+00
.1696E+04,.2011E+00,.1375E+00,.1375E+00,.2011E+00
.1697E+04,.1776E+00,.1214E+00,.1214E+00,.1776E+00
.1698E+04,.1993E+00,.1363E+00,.1363E+00,.1993E+00
.1699E+04,.1973E+00,.1349E+00,.1349E+00,.1973E+00
.1700E+04,.1928E+00,.1318E+00,.1318E+00,.1928E+00
.1702E+04,.1946E+00,.1331E+00,.1331E+00,.1946E+00
.1705E+04,.1903E+00,.1302E+00,.1302E+00,.1903E+00
.1710E+04,.1819E+00,.1243E+00,.1243E+00,.1819E+00
.1715E+04,.1829E+00,.1250E+00,.1250E+00,.1829E+00
.1720E+04,.1804E+00,.1233E+00,.1233E+00,.1804E+00
.1725E+04,.1707E+00,.1166E+00,.1166E+00,.1707E+00
.1730E+04,.1690E+00,.1155E+00,.1155E+00,.1690E+00
.1735E+04,.1586E+00,.1084E+00,.1084E+00,.1586E+00
.1740E+04,.1611E+00,.1100E+00,.1100E+00,.1611E+00
.1745E+04,.1530E+00,.1045E+00,.1045E+00,.1530E+00
.1750E+04,.1618E+00,.1105E+00,.1105E+00,.1618E+00
.1755E+04,.1514E+00,.1034E+00,.1034E+00,.1514E+00
.1760E+04,.1565E+00,.1069E+00,.1069E+00,.1565E+00
.1765E+04,.1325E+00,.9043E-01,.9043E-01,.1325E+00
.1770E+04,.1420E+00,.9694E-01,.9694E-01,.1420E+00
.1775E+04,.1189E+00,.8106E-01,.8106E-01,.1189E+00
.1780E+04,.1044E+00,.7119E-01,.7119E-01,.1044E+00
.1785E+04,.8336E-01,.5679E-01,.5679E-01,.8336E-01
.1790E+04,.9414E-01,.6414E-01,.6414E-01,.9414E-01
.1795E+04,.5468E-01,.3719E-01,.3719E-01,.5468E-01
.1800E+04,.3695E-01,.2513E-01,.2513E-01,.3695E-01
.1805E+04,.2019E-01,.1370E-01,.1370E-01,.2019E-01
.1810E+04,.1420E-01,.9632E-02,.9632E-02,.1420E-01
.1815E+04,.5956E-02,.4029E-02,.4029E-02,.5956E-02
.1820E+04,.2016E-02,.1362E-02,.1362E-02,.2016E-02
.1825E+04,.2636E-02,.1780E-02,.1780E-02,.2636E-02
.1830E+04,.2371E-04,.1593E-04,.1593E-04,.2371E-04
.1835E+04,.2906E-04,.1955E-04,.1955E-04,.2906E-04
.1840E+04,.4645E-06,.3113E-06,.3113E-06,.4645E-06
.1845E+04,.3581E-04,.2403E-04,.2403E-04,.3581E-04
.1850E+04,.1806E-04,.1211E-04,.1211E-04,.1806E-04
.1855E+04,.1881E-05,.1261E-05,.1261E-05,.1881E-05
.1860E+04,.4233E-04,.2845E-04,.2845E-04,.4233E-04
.1865E+04,.6890E-04,.4629E-04,.4629E-04,.6890E-04
.1870E+04,.4950E-08,.3308E-08,.3308E-08,.4950E-08
.1875E+04,.8005E-08,.5351E-08,.5351E-08,.8005E-08
.1880E+04,.2356E-03,.1585E-03,.1585E-03,.2356E-03
.1885E+04,.1494E-03,.1005E-03,.1005E-03,.1494E-03
.1890E+04,.6602E-03,.4444E-03,.4444E-03,.6602E-03
.1895E+04,.3809E-03,.2564E-03,.2564E-03,.3809E-03
.1900E+04,.4781E-05,.3207E-05,.3207E-05,.4781E-05
.1905E+04,.3020E-05,.2026E-05,.2026E-05,.3020E-05
.1910E+04,.9279E-04,.6234E-04,.6234E-04,.9279E-04
.1915E+04,.6821E-04,.4587E-04,.4587E-04,.6821E-04
.1920E+04,.1130E-02,.7614E-03,.7614E-03,.1130E-02
.1925E+04,.1944E-02,.1312E-02,.1312E-02,.1944E-02
.1930E+04,.1208E-02,.8146E-03,.8146E-03,.1208E-02
.1935E+04,.6010E-02,.4062E-02,.4062E-02,.6010E-02
.1940E+04,.5277E-02,.3570E-02,.3570E-02,.5277E-02
.1945E+04,.1431E-01,.9691E-02,.9691E-02,.1431E-01
.1950E+04,.1943E-01,.1316E-01,.1316E-01,.1943E-01
.1955E+04,.1154E-01,.7804E-02,.7804E-02,.1154E-01
.1960E+04,.2368E-01,.1604E-01,.1604E-01,.2368E-01
.1965E+04,.2983E-01,.2022E-01,.2022E-01,.2983E-01
.1970E+04,.4926E-01,.3343E-01,.3343E-01,.4926E-01
.1975E+04,.6970E-01,.4735E-01,.4735E-01,.6970E-01
.1980E+04,.7644E-01,.5195E-01,.5195E-01,.7644E-01
.1985E+04,.8344E-01,.5673E-01,.5673E-01,.8344E-01
.1990E+04,.8660E-01,.5887E-01,.5887E-01,.8660E-01
.1995E+04,.8101E-01,.5506E-01,.5506E-01,.8101E-01
.2000E+04,.3477E-01,.2356E-01,.2356E-01,.3477E-01
.2005E+04,.1295E-01,.8754E-02,.8754E-02,.1295E-01
.2010E+04,.3479E-01,.2357E-01,.2357E-01,.3479E-01
.2015E+04,.2342E-01,.1585E-01,.1585E-01,.2342E-01
.2020E+04,.4121E-01,.2793E-01,.2793E-01,.4121E-01
.2025E+04,.7000E-01,.4753E-01,.4753E-01,.7000E-01
.2030E+04,.8271E-01,.5619E-01,.5619E-01,.8271E-01
.2035E+04,.9313E-01,.6330E-01,.6330E-01,.9313E-01
.2040E+04,.8796E-01,.5977E-01,.5977E-01,.8796E-01
.2045E+04,.8863E-01,.6022E-01,.6022E-01,.8863E-01
.2050E+04,.6422E-01,.4358E-01,.4358E-01,.6422E-01
.2055E+04,.5114E-01,.3468E-01,.3468E-01,.5114E-01
.2060E+04,.6637E-01,.4505E-01,.4505E-01,.6637E-01
.2065E+04,.5876E-01,.3986E-01,.3986E-01,.5876E-01
.2070E+04,.6302E-01,.4276E-01,.4276E-01,.6302E-01
.2075E+04,.7519E-01,.5105E-01,.5105E-01,.7519E-01
.2080E+04,.8564E-01,.5817E-01,.5817E-01,.8564E-01
.2085E+04,.8395E-01,.5702E-01,.5702E-01,.8395E-01
.2090E+04,.8780E-01,.5964E-01,.5964E-01,.8780E-01
.2095E+04,.8905E-01,.6049E-01,.6049E-01,.8905E-01
.2100E+04,.8628E-01,.5860E-01,.5860E-01,.8628E-01
.2105E+04,.9221E-01,.6264E-01,.6264E-01,.9221E-01
.2110E+04,.8906E-01,.6049E-01,.6049E-01,.8906E-01
.2115E+04,.9078E-01,.6166E-01,.6166E-01,.9078E-01
.2120E+04,.8682E-01,.5896E-01,.5896E-01,.8682E-01
.2125E+04,.8776E-01,.5960E-01,.5960E-01,.8776E-01
.2130E+04,.8849E-01,.6009E-01,.6009E-01,.8849E-01
.2135E+04,.8874E-01,.6026E-01,.6026E-01,.8874E-01
.2140E+04,.8916E-01,.6055E-01,.6055E-01,.8916E-01
.2145E+04,.8816E-01,.5986E-01,.5986E-01,.8816E-01
.2150E+04,.8372E-01,.5683E-01,.5683E-01,.8372E-01
.2155E+04,.8378E-01,.5688E-01,.5688E-01,.8378E-01
.2160E+04,.8256E-01,.5605E-01,.5605E-01,.8256E-01
.2165E+04,.7587E-01,.5150E-01,.5150E-01,.7587E-01
.2170E+04,.8023E-01,.5446E-01,.5446E-01,.8023E-01
.2175E+04,.7923E-01,.5377E-01,.5377E-01,.7923E-01
.2180E+04,.8048E-01,.5462E-01,.5462E-01,.8048E-01
.2185E+04,.7418E-01,.5033E-01,.5033E-01,.7418E-01
.2190E+04,.7834E-01,.5316E-01,.5316E-01,.7834E-01
.2195E+04,.7780E-01,.5279E-01,.5279E-01,.7780E-01
.2200E+04,.6938E-01,.4706E-01,.4706E-01,.6938E-01
.2205E+04,.7264E-01,.4928E-01,.4928E-01,.7264E-01
.2210E+04,.7752E-01,.5260E-01,.5260E-01,.7752E-01
.2215E+04,.7477E-01,.5072E-01,.5072E-01,.7477E-01
.2220E+04,.7571E-01,.5136E-01,.5136E-01,.7571E-01
.2225E+04,.7378E-01,.5005E-01,.5005E-01,.7378E-01
.2230E+04,.7376E-01,.5003E-01,.5003E-01,.7376E-01
.2235E+04,.7223E-01,.4899E-01,.4899E-01,.7223E-01
.2240E+04,.7127E-01,.4833E-01,.4833E-01,.7127E-01
.2245E+04,.6879E-01,.4665E-01,.4665E-01,.6879E-01
.2250E+04,.7018E-01,.4759E-01,.4759E-01,.7018E-01
.2255E+04,.6594E-01,.4471E-01,.4471E-01,.6594E-01
.2260E+04,.6503E-01,.4409E-01,.4409E-01,.6503E-01
.2265E+04,.6650E-01,.4509E-01,.4509E-01,.6650E-01
.2270E+04,.6290E-01,.4263E-01,.4263E-01,.6290E-01
.2275E+04,.6194E-01,.4198E-01,.4198E-01,.6194E-01
.2280E+04,.6459E-01,.4378E-01,.4378E-01,.6459E-01
.2285E+04,.6070E-01,.4114E-01,.4114E-01,.6070E-01
.2290E+04,.6072E-01,.4115E-01,.4115E-01,.6072E-01
.2295E+04,.5909E-01,.4004E-01,.4004E-01,.5909E-01
.2300E+04,.5636E-01,.3818E-01,.3818E-01,.5636E-01
.2305E+04,.5688E-01,.3854E-01,.3854E-01,.5688E-01
.2310E+04,.6233E-01,.4224E-01,.4224E-01,.6233E-01
.2315E+04,.5601E-01,.3794E-01,.3794E-01,.5601E-01
.2320E+04,.4974E-01,.3369E-01,.3369E-01,.4974E-01
.2325E+04,.5561E-01,.3768E-01,.3768E-01,.5561E-01
.2330E+04,.5533E-01,.3748E-01,.3748E-01,.5533E-01
.2335E+04,.5624E-01,.3810E-01,.3810E-01,.5624E-01
.2340E+04,.4538E-01,.3072E-01,.3072E-01,.4538E-01
.2345E+04,.4984E-01,.3375E-01,.3375E-01,.4984E-01
.2350E+04,.4073E-01,.2757E-01,.2757E-01,.4073E-01
.2355E+04,.4631E-01,.3135E-01,.3135E-01,.4631E-01
.2360E+04,.4896E-01,.3315E-01,.3315E-01,.4896E-01
.2365E+04,.4901E-01,.3319E-01,.3319E-01,.4901E-01
.2370E+04,.3027E-01,.2047E-01,.2047E-01,.3027E-01
.2375E+04,.4344E-01,.2940E-01,.2940E-01,.4344E-01
.2380E+04,.4276E-01,.2894E-01,.2894E-01,.4276E-01
.2385E+04,.3198E-01,.2163E-01,.2163E-01,.3198E-01
.2390E+04,.3694E-01,.2499E-01,.2499E-01,.3694E-01
.2395E+04,.3994E-01,.2703E-01,.2703E-01,.3994E-01
.2400E+04,.4352E-01,.2946E-01,.2946E-01,.4352E-01
.2405E+04,.3447E-01,.2332E-01,.2332E-01,.3447E-01
.2410E+04,.3496E-01,.2365E-01,.2365E-01,.3496E-01
.2415E+04,.2899E-01,.1961E-01,.1961E-01,.2899E-01
.2420E+04,.2781E-01,.1881E-01,.1881E-01,.2781E-01
.2425E+04,.3408E-01,.2305E-01,.2305E-01,.3408E-01
.2430E+04,.4484E-01,.3034E-01,.3034E-01,.4484E-01
.2435E+04,.1661E-01,.1122E-01,.1122E-01,.1661E-01
.2440E+04,.4386E-01,.2968E-01,.2968E-01,.4386E-01
.2445E+04,.2270E-01,.1534E-01,.1534E-01,.2270E-01
.2450E+04,.1557E-01,.1052E-01,.1052E-01,.1557E-01
.2455E+04,.2708E-01,.1831E-01,.1831E-01,.2708E-01
.2460E+04,.3485E-01,.2357E-01,.2357E-01,.3485E-01
.2465E+04,.2626E-01,.1775E-01,.1775E-01,.2626E-01
.2470E+04,.1923E-01,.1299E-01,.1299E-01,.1923E-01
.2475E+04,.1910E-01,.1290E-01,.1290E-01,.1910E-01
.2480E+04,.1050E-01,.7087E-02,.7087E-02,.1050E-01
.2485E+04,.7614E-02,.5134E-02,.5134E-02,.7614E-02
.2490E+04,.5144E-02,.3466E-02,.3466E-02,.5144E-02
.2495E+04,.4497E-02,.3030E-02,.3030E-02,.4497E-02
.2500E+04,.9831E-02,.6630E-02,.6630E-02,.9831E-02
.2505E+04,.2538E-02,.1710E-02,.1710E-02,.2538E-02
.2510E+04,.3494E-02,.2354E-02,.2354E-02,.3494E-02
.2515E+04,.9851E-03,.6628E-03,.6628E-03,.9851E-03
.2520E+04,.8524E-03,.5726E-03,.5726E-03,.8524E-03
.2525E+04,.1360E-03,.9132E-04,.9132E-04,.1360E-03
.2530E+04,.3936E-05,.2633E-05,.2633E-05,.3936E-05
.2535E+04,.1373E-05,.9179E-06,.9179E-06,.1373E-05
.2540E+04,.2695E-05,.1802E-05,.1802E-05,.2695E-05
.2545E+04,.9784E-09,.6531E-09,.6531E-09,.9784E-09
.2550E+04,.3514E-10,.2345E-10,.2345E-10,.3514E-10
.2555E+04,.2090E-07,.1396E-07,.1396E-07,.2090E-07
.2560E+04,.8864E-09,.5918E-09,.5918E-09,.8864E-09
.2565E+04,.1328E-11,.8853E-12,.8853E-12,.1328E-11
.2570E+04,.4694E-15,.3128E-15,.3128E-15,.4694E-15
.2575E+04,.1894E-22,.1262E-22,.1262E-22,.1894E-22
.2580E+04,.9012E-18,.6004E-18,.6004E-18,.9012E-18
.2585E+04,.4876E-28,.3248E-28,.3248E-28,.4876E-28
.2590E+04,.4399E-25,.2930E-25,.2930E-25,.4399E-25
.2595E+04,.8772E-28,.5843E-28,.5843E-28,.8772E-28
.2600E+04,.1153E-22,.7680E-23,.7680E-23,.1153E-22
.2605E+04,.1103E-28,.7350E-29,.7350E-29,.1103E-28
.2610E+04,.1236E-27,.8234E-28,.8234E-28,.1236E-27
.2615E+04,.1247E-30,.8306E-31,.8306E-31,.1247E-30
.2620E+04,.1202E-23,.8004E-24,.8004E-24,.1202E-23
.2625E+04,.1055E-22,.7030E-23,.7030E-23,.1055E-22
.2630E+04,.5330E-37,.3550E-37,.3550E-37,.5330E-37
.2635E+04,.5820E-13,.3879E-13,.3879E-13,.5820E-13
.2640E+04,.2981E-13,.1987E-13,.1987E-13,.2981E-13
.2645E+04,.3953E-15,.2634E-15,.2634E-15,.3953E-15
.2650E+04,.1489E-15,.9917E-16,.9917E-16,.1489E-15
.2655E+04,.2337E-22,.1557E-22,.1557E-22,.2337E-22
.2660E+04,.1422E-20,.9471E-21,.9471E-21,.1422E-20
.2665E+04,.4135E-31,.2754E-31,.2754E-31,.4135E-31
.2670E+04,.0000E+00,.0000E+00,.0000E+00,.0000E+00
.2675E+04,.0000E+00,.0000E+00,.0000E+00,.0000E+00
.2680E+04,.0000E+00,.0000E+00,.0000E+00,.0000E+00
.2685E+04,.0000E+00,.0000E+00,.0000E+00,.0000E+00
.2690E+04,.8969E-26,.5974E-26,.5974E-26,.8969E-26
.2695E+04,.1290E-28,.8592E-29,.8592E-29,.1290E-28
.2700E+04,.0000E+00,.0000E+00,.0000E+00,.0000E+00
.2705E+04,.1086E-40,.7232E-41,.7232E-41,.1086E-40
.2710E+04,.3528E-32,.2350E-32,.2350E-32,.3528E-32
.2715E+04,.3314E-22,.2208E-22,.2208E-22,.3314E-22
.2720E+04,.2569E-37,.1711E-37,.1711E-37,.2569E-37
.2725E+04,.5738E-18,.3823E-18,.3823E-18,.5738E-18
.2730E+04,.2500E-15,.1665E-15,.1665E-15,.2500E-15
.2735E+04,.3370E-17,.2245E-17,.2245E-17,.3370E-17
.2740E+04,.9531E-23,.6349E-23,.6349E-23,.9531E-23
.2745E+04,.1461E-19,.9731E-20,.9731E-20,.1461E-19
.2750E+04,.3290E-25,.2191E-25,.2191E-25,.3290E-25
.2755E+04,.4652E-42,.3097E-42,.3097E-42,.4652E-42
.2760E+04,.0000E+00,.0000E+00,.0000E+00,.0000E+00
.2765E+04,.1398E-23,.9315E-24,.9315E-24,.1398E-23
.2770E+04,.2635E-20,.1755E-20,.1755E-20,.2635E-20
.2775E+04,.1152E-36,.7674E-37,.7674E-37,.1152E-36
.2780E+04,.5663E-33,.3772E-33,.3772E-33,.5663E-33
.2785E+04,.3534E-25,.2354E-25,.2354E-25,.3534E-25
.2790E+04,.2143E-14,.1428E-14,.1428E-14,.2143E-14
.2795E+04,.1448E-13,.9645E-14,.9645E-14,.1448E-13
.2800E+04,.1482E-10,.9879E-11,.9879E-11,.1482E-10
.2805E+04,.7047E-12,.4698E-12,.4698E-12,.7047E-12
.2810E+04,.2471E-08,.1648E-08,.1648E-08,.2471E-08
.2815E+04,.2056E-08,.1372E-08,.1372E-08,.2056E-08
.2820E+04,.2753E-09,.1837E-09,.1837E-09,.2753E-09
.2825E+04,.9937E-06,.6638E-06,.6638E-06,.9937E-06
.2830E+04,.1441E-04,.9642E-05,.9642E-05,.1441E-04
.2835E+04,.3294E-08,.2198E-08,.2198E-08,.3294E-08
.2840E+04,.1074E-05,.7179E-06,.7179E-06,.1074E-05
.2845E+04,.1032E-03,.6912E-04,.6912E-04,.1032E-03
.2850E+04,.5161E-05,.3451E-05,.3451E-05,.5161E-05
.2855E+04,.1892E-05,.1267E-05,.1267E-05,.1892E-05
.2860E+04,.7202E-04,.4825E-04,.4825E-04,.7202E-04
.2865E+04,.3680E-03,.2467E-03,.2467E-03,.3680E-03
.2870E+04,.2412E-04,.1614E-04,.1614E-04,.2412E-04
.2875E+04,.7714E-03,.5177E-03,.5177E-03,.7714E-03
.2880E+04,.5184E-03,.3480E-03,.3480E-03,.5184E-03
.2885E+04,.8844E-03,.5936E-03,.5936E-03,.8844E-03
.2890E+04,.3847E-03,.2583E-03,.2583E-03,.3847E-03
.2895E+04,.4014E-02,.2700E-02,.2700E-02,.4014E-02
.2900E+04,.1351E-02,.9081E-03,.9081E-03,.1351E-02
.2905E+04,.2709E-03,.1818E-03,.1818E-03,.2709E-03
.2910E+04,.3645E-02,.2452E-02,.2452E-02,.3645E-02
.2915E+04,.2059E-02,.1384E-02,.1384E-02,.2059E-02
.2920E+04,.4157E-02,.2797E-02,.2797E-02,.4157E-02
.2925E+04,.1682E-02,.1131E-02,.1131E-02,.1682E-02
.2930E+04,.8003E-02,.5388E-02,.5388E-02,.8003E-02
.2935E+04,.8453E-02,.5692E-02,.5692E-02,.8453E-02
.2940E+04,.2581E-02,.1736E-02,.1736E-02,.2581E-02
.2945E+04,.2324E-02,.1562E-02,.1562E-02,.2324E-02
.2950E+04,.7008E-02,.4717E-02,.4717E-02,.7008E-02
.2955E+04,.3189E-02,.2146E-02,.2146E-02,.3189E-02
.2960E+04,.6227E-02,.4191E-02,.4191E-02,.6227E-02
.2965E+04,.9182E-02,.6184E-02,.6184E-02,.9182E-02
.2970E+04,.5896E-03,.3962E-03,.3962E-03,.5896E-03
.2975E+04,.1425E-02,.9576E-03,.9576E-03,.1425E-02
.2980E+04,.2055E-02,.1381E-02,.1381E-02,.2055E-02
.2985E+04,.8794E-02,.5921E-02,.5921E-02,.8794E-02
.2990E+04,.1220E-01,.8220E-02,.8220E-02,.1220E-01
.2995E+04,.5625E-02,.3785E-02,.3785E-02,.5625E-02
.3000E+04,.9542E-02,.6426E-02,.6426E-02,.9542E-02
.3005E+04,.3954E-02,.2660E-02,.2660E-02,.3954E-02
.3010E+04,.8332E-02,.5610E-02,.5610E-02,.8332E-02
.3015E+04,.7196E-02,.4844E-02,.4844E-02,.7196E-02
.3020E+04,.1109E-02,.7448E-03,.7448E-03,.1109E-02
.3025E+04,.9051E-02,.6095E-02,.6095E-02,.9051E-02
.3030E+04,.7487E-02,.5041E-02,.5041E-02,.7487E-02
.3035E+04,.3369E-02,.2266E-02,.2266E-02,.3369E-02
.3040E+04,.2855E-02,.1920E-02,.1920E-02,.2855E-02
.3045E+04,.5503E-02,.3703E-02,.3703E-02,.5503E-02
.3050E+04,.1655E-02,.1113E-02,.1113E-02,.1655E-02
.3055E+04,.5458E-03,.3664E-03,.3664E-03,.5458E-03
.3060E+04,.7633E-02,.5139E-02,.5139E-02,.7633E-02
.3065E+04,.3996E-02,.2687E-02,.2687E-02,.3996E-02
.3070E+04,.2629E-02,.1767E-02,.1767E-02,.2629E-02
.3075E+04,.7351E-02,.4949E-02,.4949E-02,.7351E-02
.3080E+04,.4682E-02,.3150E-02,.3150E-02,.4682E-02
.3085E+04,.2582E-02,.1736E-02,.1736E-02,.2582E-02
.3090E+04,.3446E-02,.2317E-02,.2317E-02,.3446E-02
.3095E+04,.1114E-02,.7478E-03,.7478E-03,.1114E-02
.3100E+04,.5594E-02,.3764E-02,.3764E-02,.5594E-02
.3105E+04,.1398E-02,.9396E-03,.9396E-03,.1398E-02
.3110E+04,.1418E-02,.9521E-03,.9521E-03,.1418E-02
.3115E+04,.3204E-02,.2154E-02,.2154E-02,.3204E-02
.3120E+04,.1161E-01,.7819E-02,.7819E-02,.1161E-01
.3125E+04,.3998E-02,.2690E-02,.2690E-02,.3998E-02
.3130E+04,.6884E-02,.4634E-02,.4634E-02,.6884E-02
.3135E+04,.1314E-01,.8847E-02,.8847E-02,.1314E-01
.3140E+04,.4308E-02,.2898E-02,.2898E-02,.4308E-02
.3145E+04,.4183E-02,.2814E-02,.2814E-02,.4183E-02
.3150E+04,.7987E-02,.5375E-02,.5375E-02,.7987E-02
.3155E+04,.6802E-02,.4578E-02,.4578E-02,.6802E-02
.3160E+04,.1049E-01,.7062E-02,.7062E-02,.1049E-01
.3165E+04,.1475E-01,.9934E-02,.9934E-02,.1475E-01
.3170E+04,.1377E-01,.9273E-02,.9273E-02,.1377E-01
.3175E+04,.9943E-02,.6694E-02,.6694E-02,.9943E-02
.3180E+04,.1176E-01,.7917E-02,.7917E-02,.1176E-01
.3185E+04,.8660E-02,.5827E-02,.5827E-02,.8660E-02
.3190E+04,.5103E-02,.3433E-02,.3433E-02,.5103E-02
.3195E+04,.3378E-02,.2270E-02,.2270E-02,.3378E-02
.3200E+04,.7104E-03,.4768E-03,.4768E-03,.7104E-03
.3205E+04,.5336E-03,.3579E-03,.3579E-03,.5336E-03
.3210E+04,.2513E-03,.1685E-03,.1685E-03,.2513E-03
.3215E+04,.8275E-03,.5553E-03,.5553E-03,.8275E-03
.3220E+04,.2016E-02,.1354E-02,.1354E-02,.2016E-02
.3225E+04,.3468E-03,.2327E-03,.2327E-03,.3468E-03
.3230E+04,.5104E-03,.3425E-03,.3425E-03,.5104E-03
.3235E+04,.8321E-02,.5599E-02,.5599E-02,.8321E-02
.3240E+04,.4087E-02,.2747E-02,.2747E-02,.4087E-02
.3245E+04,.1054E-02,.7077E-03,.7077E-03,.1054E-02
.3250E+04,.2843E-02,.1911E-02,.1911E-02,.2843E-02
.3255E+04,.1083E-01,.7293E-02,.7293E-02,.1083E-01
.3260E+04,.1442E-02,.9681E-03,.9681E-03,.1442E-02
.3265E+04,.3226E-02,.2168E-02,.2168E-02,.3226E-02
.3270E+04,.1518E-02,.1019E-02,.1019E-02,.1518E-02
.3275E+04,.6920E-02,.4659E-02,.4659E-02,.6920E-02
.3280E+04,.3293E-02,.2214E-02,.2214E-02,.3293E-02
.3285E+04,.1201E-01,.8090E-02,.8090E-02,.1201E-01
.3290E+04,.9166E-02,.6170E-02,.6170E-02,.9166E-02
.3295E+04,.1707E-02,.1147E-02,.1147E-02,.1707E-02
.3300E+04,.2153E-02,.1447E-02,.1447E-02,.2153E-02
.3305E+04,.4752E-02,.3196E-02,.3196E-02,.4752E-02
.3310E+04,.4101E-02,.2756E-02,.2756E-02,.4101E-02
.3315E+04,.7950E-05,.5312E-05,.5312E-05,.7950E-05
.3320E+04,.7496E-04,.5020E-04,.5020E-04,.7496E-04
.3325E+04,.3575E-02,.2402E-02,.2402E-02,.3575E-02
.3330E+04,.5158E-02,.3470E-02,.3470E-02,.5158E-02
.3335E+04,.9384E-02,.6314E-02,.6314E-02,.9384E-02
.3340E+04,.4260E-02,.2865E-02,.2865E-02,.4260E-02
.3345E+04,.3882E-02,.2609E-02,.2609E-02,.3882E-02
.3350E+04,.8987E-02,.6048E-02,.6048E-02,.8987E-02
.3355E+04,.4148E-02,.2788E-02,.2788E-02,.4148E-02
.3360E+04,.5972E-02,.4016E-02,.4016E-02,.5972E-02
.3365E+04,.7875E-02,.5298E-02,.5298E-02,.7875E-02
.3370E+04,.4104E-02,.2758E-02,.2758E-02,.4104E-02
.3375E+04,.9328E-02,.6277E-02,.6277E-02,.9328E-02
.3380E+04,.5098E-02,.3426E-02,.3426E-02,.5098E-02
.3385E+04,.8083E-02,.5438E-02,.5438E-02,.8083E-02
.3390E+04,.9768E-02,.6572E-02,.6572E-02,.9768E-02
.3395E+04,.9806E-02,.6598E-02,.6598E-02,.9806E-02
.3400E+04,.1284E-01,.8644E-02,.8644E-02,.1284E-01
.3405E+04,.4404E-02,.2959E-02,.2959E-02,.4404E-02
.3410E+04,.7737E-02,.5204E-02,.5204E-02,.7737E-02
.3415E+04,.7011E-02,.4714E-02,.4714E-02,.7011E-02
.3420E+04,.1346E-01,.9060E-02,.9060E-02,.1346E-01
.3425E+04,.9863E-02,.6636E-02,.6636E-02,.9863E-02
.3430E+04,.8317E-02,.5594E-02,.5594E-02,.8317E-02
.3435E+04,.1210E-01,.8145E-02,.8145E-02,.1210E-01
.3440E+04,.7838E-02,.5271E-02,.5271E-02,.7838E-02
.3445E+04,.1169E-01,.7869E-02,.7869E-02,.1169E-01
.3450E+04,.1109E-01,.7461E-02,.7461E-02,.1109E-01
.3455E+04,.8365E-02,.5626E-02,.5626E-02,.8365E-02
.3460E+04,.1291E-01,.8692E-02,.8692E-02,.1291E-01
.3465E+04,.9556E-02,.6428E-02,.6428E-02,.9556E-02
.3470E+04,.1251E-01,.8419E-02,.8419E-02,.1251E-01
.3475E+04,.1104E-01,.7431E-02,.7431E-02,.1104E-01
.3480E+04,.1122E-01,.7549E-02,.7549E-02,.1122E-01
.3485E+04,.1228E-01,.8265E-02,.8265E-02,.1228E-01
.3490E+04,.1052E-01,.7075E-02,.7075E-02,.1052E-01
.3495E+04,.1238E-01,.8333E-02,.8333E-02,.1238E-01
.3500E+04,.1212E-01,.8158E-02,.8158E-02,.1212E-01
.3505E+04,.1198E-01,.8065E-02,.8065E-02,.1198E-01
.3510E+04,.1222E-01,.8227E-02,.8227E-02,.1222E-01
.3515E+04,.1190E-01,.8009E-02,.8009E-02,.1190E-01
.3520E+04,.1240E-01,.8348E-02,.8348E-02,.1240E-01
.3525E+04,.1171E-01,.7883E-02,.7883E-02,.1171E-01
.3530E+04,.1137E-01,.7652E-02,.7652E-02,.1137E-01
.3535E+04,.9553E-02,.6426E-02,.6426E-02,.9553E-02
.3540E+04,.9141E-02,.6148E-02,.6148E-02,.9141E-02
.3545E+04,.9629E-02,.6477E-02,.6477E-02,.9629E-02
.3550E+04,.1078E-01,.7254E-02,.7254E-02,.1078E-01
.3555E+04,.9482E-02,.6378E-02,.6378E-02,.9482E-02
.3560E+04,.1102E-01,.7412E-02,.7412E-02,.1102E-01
.3565E+04,.1085E-01,.7298E-02,.7298E-02,.1085E-01
.3570E+04,.8778E-02,.5904E-02,.5904E-02,.8778E-02
.3575E+04,.8987E-02,.6045E-02,.6045E-02,.8987E-02
.3580E+04,.1027E-01,.6911E-02,.6911E-02,.1027E-01
.3585E+04,.9357E-02,.6294E-02,.6294E-02,.9357E-02
.3590E+04,.9778E-02,.6578E-02,.6578E-02,.9778E-02
.3595E+04,.9966E-02,.6704E-02,.6704E-02,.9966E-02
.3600E+04,.1052E-01,.7077E-02,.7077E-02,.1052E-01
.3605E+04,.1034E-01,.6957E-02,.6957E-02,.1034E-01
.3610E+04,.9746E-02,.6556E-02,.6556E-02,.9746E-02
.3615E+04,.9801E-02,.6593E-02,.6593E-02,.9801E-02
.3620E+04,.1168E-01,.7857E-02,.7857E-02,.1168E-01
.3625E+04,.1029E-01,.6918E-02,.6918E-02,.1029E-01
.3630E+04,.1017E-01,.6842E-02,.6842E-02,.1017E-01
.3635E+04,.1049E-01,.7059E-02,.7059E-02,.1049E-01
.3640E+04,.1149E-01,.7731E-02,.7731E-02,.1149E-01
.3645E+04,.1046E-01,.7033E-02,.7033E-02,.1046E-01
.3650E+04,.1015E-01,.6828E-02,.6828E-02,.1015E-01
.3655E+04,.1101E-01,.7405E-02,.7405E-02,.1101E-01
.3660E+04,.1097E-01,.7383E-02,.7383E-02,.1097E-01
.3665E+04,.1019E-01,.6855E-02,.6855E-02,.1019E-01
.3670E+04,.8260E-02,.5553E-02,.5553E-02,.8260E-02
.3675E+04,.5482E-02,.3683E-02,.3683E-02,.5482E-02
.3680E+04,.8672E-02,.5831E-02,.5831E-02,.8672E-02
.3685E+04,.9548E-02,.6421E-02,.6421E-02,.9548E-02
.3690E+04,.9777E-02,.6575E-02,.6575E-02,.9777E-02
.3695E+04,.1017E-01,.6837E-02,.6837E-02,.1017E-01
.3700E+04,.1077E-01,.7245E-02,.7245E-02,.1077E-01
.3705E+04,.1063E-01,.7149E-02,.7149E-02,.1063E-01
.3710E+04,.9381E-02,.6308E-02,.6308E-02,.9381E-02
.3715E+04,.9318E-02,.6266E-02,.6266E-02,.9318E-02
.3720E+04,.1041E-01,.7001E-02,.7001E-02,.1041E-01
.3725E+04,.1058E-01,.7117E-02,.7117E-02,.1058E-01
.3730E+04,.9355E-02,.6290E-02,.6290E-02,.9355E-02
.3735E+04,.8683E-02,.5838E-02,.5838E-02,.8683E-02
.3740E+04,.8864E-02,.5960E-02,.5960E-02,.8864E-02
.3745E+04,.1008E-01,.6781E-02,.6781E-02,.1008E-01
.3750E+04,.9295E-02,.6250E-02,.6250E-02,.9295E-02
.3755E+04,.9089E-02,.6111E-02,.6111E-02,.9089E-02
.3760E+04,.9053E-02,.6086E-02,.6086E-02,.9053E-02
.3765E+04,.8694E-02,.5845E-02,.5845E-02,.8694E-02
.3770E+04,.9235E-02,.6209E-02,.6209E-02,.9235E-02
.3775E+04,.9129E-02,.6137E-02,.6137E-02,.9129E-02
.3780E+04,.9584E-02,.6444E-02,.6444E-02,.9584E-02
.3785E+04,.8918E-02,.5995E-02,.5995E-02,.8918E-02
.3790E+04,.7969E-02,.5356E-02,.5356E-02,.7969E-02
.3795E+04,.8891E-02,.5977E-02,.5977E-02,.8891E-02
.3800E+04,.9751E-02,.6556E-02,.6556E-02,.9751E-02
.3805E+04,.9274E-02,.6234E-02,.6234E-02,.9274E-02
.3810E+04,.8410E-02,.5653E-02,.5653E-02,.8410E-02
.3815E+04,.7943E-02,.5338E-02,.5338E-02,.7943E-02
.3820E+04,.9581E-02,.6441E-02,.6441E-02,.9581E-02
.3825E+04,.9461E-02,.6360E-02,.6360E-02,.9461E-02
.3830E+04,.9564E-02,.6429E-02,.6429E-02,.9564E-02
.3835E+04,.7879E-02,.5295E-02,.5295E-02,.7879E-02
.3840E+04,.8948E-02,.6014E-02,.6014E-02,.8948E-02
.3845E+04,.8709E-02,.5853E-02,.5853E-02,.8709E-02
.3850E+04,.8783E-02,.5903E-02,.5903E-02,.8783E-02
.3855E+04,.8513E-02,.5722E-02,.5722E-02,.8513E-02
.3860E+04,.8029E-02,.5395E-02,.5395E-02,.8029E-02
.3865E+04,.8008E-02,.5381E-02,.5381E-02,.8008E-02
.3870E+04,.7318E-02,.4917E-02,.4917E-02,.7318E-02
.3875E+04,.6744E-02,.4530E-02,.4530E-02,.6744E-02
.3880E+04,.6513E-02,.4375E-02,.4375E-02,.6513E-02
.3885E+04,.6700E-02,.4501E-02,.4501E-02,.6700E-02
.3890E+04,.6802E-02,.4569E-02,.4569E-02,.6802E-02
.3895E+04,.7389E-02,.4964E-02,.4964E-02,.7389E-02
.3900E+04,.7901E-02,.5309E-02,.5309E-02,.7901E-02
.3905E+04,.7804E-02,.5243E-02,.5243E-02,.7804E-02
.3910E+04,.7028E-02,.4721E-02,.4721E-02,.7028E-02
.3915E+04,.6892E-02,.4629E-02,.4629E-02,.6892E-02
.3920E+04,.6887E-02,.4626E-02,.4626E-02,.6887E-02
.3925E+04,.6786E-02,.4558E-02,.4558E-02,.6786E-02
.3930E+04,.6975E-02,.4685E-02,.4685E-02,.6975E-02
.3935E+04,.7253E-02,.4872E-02,.4872E-02,.7253E-02
.3940E+04,.7335E-02,.4927E-02,.4927E-02,.7335E-02
.3945E+04,.7462E-02,.5013E-02,.5013E-02,.7462E-02
.3950E+04,.7565E-02,.5082E-02,.5082E-02,.7565E-02
.3955E+04,.7613E-02,.5114E-02,.5114E-02,.7613E-02
.3960E+04,.7672E-02,.5154E-02,.5154E-02,.7672E-02
.3965E+04,.7738E-02,.5198E-02,.5198E-02,.7738E-02
.3970E+04,.7656E-02,.5142E-02,.5142E-02,.7656E-02
.3975E+04,.7445E-02,.5000E-02,.5000E-02,.7445E-02
.3980E+04,.7335E-02,.4927E-02,.4927E-02,.7335E-02
.3985E+04,.7376E-02,.4954E-02,.4954E-02,.7376E-02
.3990E+04,.7290E-02,.4896E-02,.4896E-02,.7290E-02
.3995E+04,.7152E-02,.4803E-02,.4803E-02,.7152E-02
.4000E+04,.6878E-02,.4619E-02,.4619E-02,.6878E-02
